"id";"user_id";"context_id";"gesture_id";"gesture_confirmation_id";"latitude";"longitude";"title";"snippet";"country";"city";"locality";"timestamp"
"1";"3";"1";"1";"1";"35.6935388";"139.7577386";"Feeling HAPPY";"25-03-2015, 2:34 PM";"Japan";"Tokyo";"Chiyoda";"1427261644714"
"2";"1";"1";"2";"1";"35.6934134";"139.7577214";"Feeling HAPPY";"25-03-2015, 2:53 PM";"Japan";"Tokyo";"Chiyoda";"1427262826347"
"3";"5";"1";"2";"1";"48.1533308";"11.5561028";"Feeling HAPPY";"25-03-2015, 12:04 pm";"Germany";NULL;"Munich";"1427281467935"
"4";"7";"1";"3";"3";"35.6997028";"139.6005349";"?????";"25-03-2015, 8:17 ??";"??";"???";"???";"1427282246540"
"5";"9";"1";"2";"2";"36.5519778";"136.6351531";"????";"25-03-2015, 8:28 ??";"??";"???";"???";"1427282938018"
"6";"10";"1";"1";"1";"36.5517724";"136.6354195";"???";"25-03-2015, 8:34 ??";"??";"???";"???";"1427283247217"
"7";"12";"1";"1";"1";"35.661229";"139.710136";"???";"25-03-2015, 9:20 ??";"??";"???";"???";"1427286008066"
"8";"15";"1";"1";"1";"35.6949984";"139.6913981";"???";"25-03-2015, 9:37 ??";NULL;NULL;NULL;"1427287023153"
"9";"16";"1";"1";"1";"35.7798137";"139.601779";"???";"25-03-2015, 9:40 ??";"??";"???";"???";"1427287227751"
"10";"19";"1";"1";"3";"33.3870169";"130.515917";"?????";"25-03-2015, 11:05 ??";"??";"???";"???";"1427292359680"
"11";"20";"1";"1";"1";"34.6330379";"135.6234653";"???";"25-03-2015, 11:09 ??";"??";"???";"???";"1427292586346"
"12";"23";"1";"2";"2";"34.6891698";"135.7848409";"????";"26-03-2015, 12:18 AM";NULL;NULL;NULL;"1427296730187"
"13";"24";"1";"1";"1";"35.7961602";"139.9154973";"???";"26-03-2015, 12:41 ??";"??";"???";"???";"1427298068512"
"14";"24";"1";"1";"1";"35.7961602";"139.9154973";"???";"26-03-2015, 12:41 ??";"??";"???";"???";"1427298068512"
"15";"26";"1";"2";"2";"34.6860256";"135.5147514";"????";"26-03-2015, 1:23 ??";"??";"???";"???";"1427300612450"
"16";"28";"1";"2";"2";"34.7111994";"135.5112629";"????";"26-03-2015, 2:04 ??";"??";"???";"???";"1427303053457"
"17";"30";"1";"2";"2";"35.4786704";"139.6336217";"????";"26-03-2015, 4:43 AM";"??";"????";"???";"1427312614383"
"18";"31";"1";"1";"1";"38.7620908";"-9.1207865";"Feeling HAPPY";"25-03-2015, 9:36 PM";NULL;NULL;NULL;"1427319391777"
"19";"15";"1";"1";"1";"35.6841081";"139.6578648";"???";"26-03-2015, 7:25 ??";NULL;NULL;NULL;"1427322353059"
"20";"15";"1";"1";"1";"35.6841081";"139.6578648";"???";"26-03-2015, 7:25 ??";NULL;NULL;NULL;"1427322353059"
"21";"15";"1";"2";"2";"35.6877603";"139.6632342";"????";"26-03-2015, 7:27 ??";NULL;NULL;NULL;"1427322457924"
"22";"20";"1";"1";"1";"34.6341896";"135.596411";"???";"26-03-2015, 7:57 ??";"??";"???";"???";"1427324270965"
"23";"33";"1";"2";"2";"33.2091572";"130.4638846";"????";"26-03-2015, 7:58 ??";"??";"???";"???";"1427324310580"
"24";"33";"1";"2";"2";"33.2096336";"130.4533006";"????";"26-03-2015, 8:00 ??";"??";"???";"???";"1427324418121"
"25";"33";"1";"2";"2";"33.2096336";"130.4533006";"????";"26-03-2015, 8:00 ??";"??";"???";"???";"1427324418121"
"26";"33";"1";"1";"1";"33.2098838";"130.4513904";"???";"26-03-2015, 8:00 ??";"??";"???";"???";"1427324435281"
"27";"32";"1";"1";"1";"35.6689082";"139.6797438";"???";"26-03-2015, 8:19 ??";"??";"???";"???";"1427325582810"
"28";"22";"1";"1";"1";"35.6984213";"139.7730357";"???";"26-03-2015, 8:22 ??";"??";"???";"????";"1427325733476"
"29";"22";"1";"1";"1";"35.6984213";"139.7730357";"???";"26-03-2015, 8:22 ??";"??";"???";"????";"1427325733476"
"30";"22";"1";"1";"1";"35.6979096";"139.7769021";"???";"26-03-2015, 8:22 ??";"??";"???";"????";"1427325761951"
"31";"35";"1";"2";"1";"34.6889462";"135.783732";"???";"26-03-2015, 10:03 AM";NULL;NULL;NULL;"1427331829588"
"32";"35";"1";"1";"1";"34.6891591";"135.7848552";"???";"26-03-2015, 10:09 AM";NULL;NULL;NULL;"1427332146541"
"33";"12";"1";"2";"2";"35.690632";"139.700508";"????";"26-03-2015, 10:15 ??";"??";"???";"???";"1427332503198"
"34";"36";"1";"2";"2";"34.3856279";"132.358326";"????";"26-03-2015, 10:34 ??";"??";"???";"???";"1427333666334"
"35";"37";"1";"1";"1";"35.6914998";"139.77955";"???";"26-03-2015, 10:56 ??";NULL;NULL;NULL;"1427335009407"
"36";"38";"1";"2";"2";"36.1959383";"137.8948036";"????";"26-03-2015, 11:24 ??";NULL;NULL;NULL;"1427336663184"
"37";"40";"1";"1";"1";"31.917687";"131.4071381";"???";"26-03-2015, 12:03 ??";"??";"???";"???";"1427339010184"
"38";"32";"1";"2";"2";"35.4054826";"139.3942682";"????";"26-03-2015, 12:03 ??";"??";"????";"????";"1427339013238"
"39";"32";"1";"2";"1";"35.4054826";"139.3942682";"???";"26-03-2015, 12:03 ??";"??";"????";"????";"1427339013238"
"40";"32";"1";"3";"1";"35.4067119";"139.3916612";"???";"26-03-2015, 12:22 ??";"??";"????";"????";"1427340153097"
"41";"32";"1";"2";"2";"35.4066077";"139.3929816";"????";"26-03-2015, 12:24 ??";"??";"????";"????";"1427340287017"
"42";"32";"1";"2";"2";"35.4048487";"139.3950241";"????";"26-03-2015, 12:29 ??";"??";"????";"????";"1427340581416"
"43";"33";"1";"1";"1";"33.2051851";"130.3734897";"???";"26-03-2015, 12:43 ??";"??";"???";"???";"1427341422857"
"44";"42";"1";"1";"2";"35.5014253";"139.3603662";"????";"26-03-2015, 12:53 PM";"??";"????";"???";"1427342037603"
"45";"20";"1";"1";"1";"34.6419217";"135.5844854";"???";"26-03-2015, 12:59 ??";"??";"???";"????";"1427342361900"
"46";"43";"1";"2";"2";"34.6419018";"135.5845258";"????";"26-03-2015, 1:05 ??";"??";"???";"????";"1427342753236"
"47";"12";"1";"2";"2";"35.658294";"139.701855";"????";"26-03-2015, 2:25 ??";"??";"???";"???";"1427347536174"
"48";"15";"1";"1";"1";"35.6916618";"139.6952819";"???";"26-03-2015, 2:37 ??";"??";"???";"???";"1427348242889"
"49";"15";"1";"1";"1";"35.6916618";"139.6952819";"???";"26-03-2015, 2:37 ??";"??";"???";"???";"1427348242889"
"50";"36";"1";"1";"1";"34.3739442";"132.3950389";"???";"26-03-2015, 3:07 ??";"??";"???";"???";"1427350071701"
"51";"36";"1";"1";"1";"34.37533";"132.3935685";"???";"26-03-2015, 3:16 ??";"??";"???";"???";"1427350606952"
"52";"30";"1";"1";"1";"35.4709633";"139.6265488";"???";"26-03-2015, 3:20 PM";NULL;NULL;NULL;"1427350841216"
"53";"30";"1";"1";"1";"35.4786106";"139.6336861";"???";"26-03-2015, 4:17 PM";"??";"????";"???";"1427354264494"
"54";"1";"1";"1";"1";"35.6596858";"139.7014805";"Feeling HAPPY";"26-03-2015, 5:22 PM";"Japan";"Tokyo";"Shibuya";"1427358122515"
"55";"33";"1";"3";"3";"33.2068207";"130.3801173";"?????";"26-03-2015, 5:35 ??";"??";"???";"???";"1427358920493"
"56";"33";"1";"3";"3";"33.2068207";"130.3801173";"?????";"26-03-2015, 5:35 ??";"??";"???";"???";"1427358920493"
"57";"12";"1";"2";"2";"35.596819";"139.667235";"????";"26-03-2015, 6:43 ??";"??";"???";"???";"1427362991667"
"58";"12";"1";"2";"2";"35.596819";"139.667235";"????";"26-03-2015, 6:43 ??";"??";"???";"???";"1427362991667"
"59";"22";"1";"1";"1";"35.6292719";"139.738253";"???";"26-03-2015, 6:46 ??";NULL;NULL;NULL;"1427363206791"
"60";"46";"1";"1";"1";"35.5958815";"139.736347";"???";"26-03-2015, 6:55 ??";"??";"???";"???";"1427363711611"
"61";"45";"1";"1";"1";"37.9185766";"140.1249659";"???";"26-03-2015, 6:58 ??";NULL;NULL;NULL;"1427363897319"
"62";"37";"1";"1";"1";"35.6911039";"139.7336053";"???";"26-03-2015, 7:03 ??";NULL;NULL;NULL;"1427364230994"
"63";"37";"1";"1";"1";"35.6848809";"139.8424043";"???";"26-03-2015, 7:04 ??";"??";"???";"???";"1427364256980"
"64";"37";"1";"1";"2";"35.695245";"139.7579445";"????";"26-03-2015, 7:06 ??";"??";"???";"????";"1427364392143"
"65";"7";"1";"3";"3";"35.6945296";"139.6097485";"?????";"26-03-2015, 7:51 ??";"??";"???";"???";"1427367078511"
"66";"7";"1";"3";"3";"35.6957402";"139.6099129";"?????";"26-03-2015, 7:59 ??";"??";"???";"???";"1427367581913"
"67";"48";"1";"3";"2";"35.6841984";"139.8453985";"????";"26-03-2015, 8:45 ??";"??";"???";"???";"1427370352082"
"68";"32";"1";"2";"2";"35.6619056";"139.7923345";"????";"26-03-2015, 9:31 ??";"??";"???";"???";"1427373070712"
"69";"1";"1";"1";"1";"35.4436384";"139.6420247";"Feeling HAPPY";"26-03-2015, 10:48 PM";"Japan";"Kanagawa Prefecture";"Yokohama";"1427377718119"
"70";"12";"1";"2";"2";"35.5780847";"139.6563229";"????";"26-03-2015, 11:24 ??";"??";"????";"???";"1427379874493"
"71";"51";"1";"2";"2";"35.7188229";"139.6696596";"????";"27-03-2015, 2:42 ??";"??";"???";"???";"1427391739637"
"72";"33";"1";"1";"1";"33.4022907";"130.5285341";"???";"27-03-2015, 6:33 ??";"??";"???";"???";"1427405633926"
"73";"46";"1";"1";"1";"35.4635532";"139.4109812";"???";"27-03-2015, 6:54 ??";"??";"????";"????";"1427406872644"
"74";"12";"1";"2";"2";"35.573622";"139.663883";"????";"27-03-2015, 8:00 ??";"??";"????";"???";"1427410815458"
"75";"12";"1";"1";"1";"35.60733";"139.68592";"???";"27-03-2015, 8:08 ??";"??";"???";"???";"1427411292182"
"76";"12";"1";"1";"1";"35.60733";"139.68592";"???";"27-03-2015, 8:08 ??";"??";"???";"???";"1427411292182"
"77";"12";"1";"1";"1";"35.689556";"139.700482";"???";"27-03-2015, 8:14 ??";"??";"???";"???";"1427411648845"
"78";"12";"1";"1";"1";"35.689556";"139.700482";"???";"27-03-2015, 8:14 ??";"??";"???";"???";"1427411648845"
"79";"48";"1";"1";"2";"35.6481956";"139.7529293";"????";"27-03-2015, 8:34 ??";"??";"???";"??";"1427412873927"
"80";"52";"1";"1";"2";"35.6482356";"139.7527128";"????";"27-03-2015, 8:39 ??";"??";"???";"??";"1427413190033"
"81";"32";"1";"2";"2";"35.6852851";"139.7668733";"????";"27-03-2015, 8:53 ??";NULL;NULL;NULL;"1427413981133"
"82";"32";"1";"2";"2";"35.6667853";"139.7590372";"????";"27-03-2015, 9:04 ??";NULL;NULL;NULL;"1427414667051"
"83";"37";"1";"2";"2";"35.6914907";"139.7795306";"????";"27-03-2015, 9:08 ??";"??";"???";"???";"1427414886565"
"84";"53";"1";"1";"1";"32.7511773";"129.8963462";"???";"27-03-2015, 10:02 ??";"??";"???";"???";"1427418139036"
"85";"1";"1";"2";"1";"35.445442";"139.6401119";"Feeling HAPPY";"27-03-2015, 12:03 PM";"Japan";"Kanagawa Prefecture";"Yokohama";"1427425389592"
"86";"46";"1";"3";"3";"35.6955817";"139.8253765";"?????";"27-03-2015, 12:21 ??";NULL;NULL;NULL;"1427426520753"
"87";"46";"1";"3";"3";"35.6955817";"139.8253765";"?????";"27-03-2015, 12:21 ??";NULL;NULL;NULL;"1427426520753"
"88";"57";"1";"1";"1";"36.2308272";"137.8923505";"???";"27-03-2015, 12:26 ??";"??";"???";"???";"1427426803608"
"89";"12";"1";"2";"2";"35.677965";"139.702626";"????";"27-03-2015, 12:31 ??";"??";"???";"???";"1427427071148"
"90";"58";"1";"3";"1";"35.947274";"139.775539";"???";"27-03-2015, 12:39 ??";"??";"???";"????";"1427427543834"
"91";"36";"1";"1";"2";"34.4074386";"132.7498936";"????";"27-03-2015, 12:48 ??";"??";"???";"????";"1427428111701"
"92";"33";"1";"2";"2";"33.2052776";"130.3734593";"????";"27-03-2015, 12:50 ??";"??";"???";"???";"1427428227584"
"93";"36";"1";"2";"2";"34.4278902";"132.7537827";"????";"27-03-2015, 12:54 ??";"??";"???";"????";"1427428486250"
"94";"61";"1";"1";"1";"37.7916277";"139.1158229";"???";"27-03-2015, 1:08 ??";"??";"???";"???";"1427429307071"
"95";"32";"1";"2";"2";"35.5302359";"139.6941822";"????";"27-03-2015, 2:30 ??";NULL;NULL;NULL;"1427434211795"
"96";"53";"1";"2";"1";"32.7427463";"129.8758138";"???";"27-03-2015, 3:30 ??";"??";"???";"???";"1427437825505"
"97";"12";"1";"3";"3";"35.670219";"139.7018579";"?????";"27-03-2015, 4:37 ??";"??";"???";"???";"1427441834293"
"98";"12";"1";"3";"3";"35.670219";"139.7018579";"?????";"27-03-2015, 4:37 ??";"??";"???";"???";"1427441834293"
"99";"12";"1";"1";"1";"35.673456";"139.702647";"???";"27-03-2015, 4:39 ??";"??";"???";"???";"1427441983305"
"100";"12";"1";"1";"1";"35.676188";"139.703499";"???";"27-03-2015, 4:40 ??";"??";"???";"???";"1427442029670"
"101";"12";"1";"1";"1";"35.676188";"139.703499";"???";"27-03-2015, 4:40 ??";"??";"???";"???";"1427442029670"
"102";"12";"1";"2";"2";"35.676003";"139.713107";"????";"27-03-2015, 4:44 ??";NULL;NULL;NULL;"1427442261256"
"103";"53";"1";"2";"1";"32.7522835";"129.8881239";"???";"27-03-2015, 5:27 ??";NULL;NULL;NULL;"1427444862836"
"104";"46";"1";"3";"1";"35.731905";"139.7275132";"???";"27-03-2015, 5:33 ??";"??";"???";"???";"1427445205261"
"105";"33";"1";"1";"1";"33.2105125";"130.3998516";"???";"27-03-2015, 5:44 ??";"??";"???";"???";"1427445892721"
"106";"32";"1";"3";"2";"35.5298944";"139.6970444";"????";"27-03-2015, 5:56 ??";NULL;NULL;NULL;"1427446618747"
"107";"36";"1";"1";"2";"34.4086182";"132.7148718";"????";"27-03-2015, 5:58 ??";"??";"???";"????";"1427446688019"
"108";"52";"1";"1";"2";"35.6841049";"139.8456524";"????";"27-03-2015, 5:58 ??";"??";"???";"???";"1427446718771"
"109";"7";"1";"3";"3";"35.7007492";"139.5972009";"?????";"27-03-2015, 6:09 ??";"??";"???";"???";"1427447390902"
"110";"7";"1";"2";"2";"35.7022587";"139.5974547";"????";"27-03-2015, 6:15 ??";"??";"???";"???";"1427447753836"
"111";"51";"1";"2";"2";"35.6580978";"139.6981761";"????";"27-03-2015, 6:30 ??";"??";"???";"???";"1427448639285"
"112";"24";"1";"3";"3";"35.8008432";"139.9438212";"?????";"27-03-2015, 6:30 ??";"??";"???";"???";"1427448640827"
"113";"24";"1";"2";"2";"35.8034202";"139.9502748";"????";"27-03-2015, 6:32 ??";"??";"???";"???";"1427448739139"
"114";"62";"1";"1";"2";"38.2809508";"140.8879581";"????";"27-03-2015, 7:16 PM";"??";"???";"???";"1427451365430"
"115";"1";"1";"1";"1";"35.6938632";"139.7590724";"Feeling HAPPY";"27-03-2015, 8:07 PM";NULL;NULL;NULL;"1427454475834"
"116";"61";"1";"1";"1";"37.8059652";"139.114448";"???";"27-03-2015, 8:16 ??";"??";"???";"???";"1427455004875"
"117";"12";"1";"2";"2";"35.713127";"139.772876";"????";"27-03-2015, 8:47 ??";"??";"???";"???";"1427456864586"
"118";"12";"1";"2";"2";"35.713127";"139.772876";"????";"27-03-2015, 8:47 ??";"??";"???";"???";"1427456864586"
"119";"51";"1";"2";"2";"35.6712424";"139.7047944";"????";"27-03-2015, 9:05 ??";"??";"???";"???";"1427457938054"
"120";"65";"1";"2";"1";"36.5251613";"140.5070731";"???";"27-03-2015, 9:06 ??";"??";"???";"?????";"1427457980927"
"121";"61";"1";"1";"1";"37.8627246";"139.1139753";"???";"27-03-2015, 9:13 ??";"??";"???";"???";"1427458382532"
"122";"1";"1";"1";"1";"35.661854";"139.7200871";"Feeling HAPPY";"27-03-2015, 9:20 PM";"Japan";"Tokyo";"Minato";"1427458824008"
"123";"66";"1";"3";"3";"34.9767056";"137.1371359";"?????";"27-03-2015, 9:25 ??";"??";"???";"???";"1427459126435"
"124";"67";"1";"2";"2";"34.7493228";"135.6388036";"????";"27-03-2015, 10:29 PM";"??";"???";"????";"1427462997202"
"125";"32";"1";"2";"2";"35.6618643";"139.7923599";"????";"27-03-2015, 10:54 ??";"??";"???";"???";"1427464448409"
"126";"53";"1";"3";"1";"32.7512012";"129.8963698";"???";"28-03-2015, 12:25 ??";"??";"???";"???";"1427469958067"
"127";"12";"1";"1";"1";"35.7000614";"139.4115749";"???";"28-03-2015, 12:55 ??";"??";"???";"???";"1427471748282"
"128";"12";"1";"2";"2";"35.697902";"139.413314";"????";"28-03-2015, 12:56 ??";"??";"???";"???";"1427471774856"
"129";"12";"1";"2";"2";"35.697902";"139.413314";"????";"28-03-2015, 12:56 ??";"??";"???";"???";"1427471774856"
"130";"12";"1";"2";"2";"35.697902";"139.413314";"????";"28-03-2015, 12:56 ??";"??";"???";"???";"1427471774856"
"131";"12";"1";"3";"3";"35.698211";"139.421161";"?????";"28-03-2015, 1:00 ??";"??";"???";"???";"1427472033449"
"132";"12";"1";"3";"3";"35.698211";"139.421161";"?????";"28-03-2015, 1:00 ??";"??";"???";"???";"1427472033449"
"133";"12";"1";"1";"1";"35.6986573";"139.4276993";"???";"28-03-2015, 1:01 ??";"??";"???";"???";"1427472087071"
"134";"12";"1";"1";"1";"35.6986573";"139.4276993";"???";"28-03-2015, 1:01 ??";"??";"???";"???";"1427472087071"
"135";"12";"1";"1";"1";"35.6986573";"139.4276993";"???";"28-03-2015, 1:01 ??";"??";"???";"???";"1427472087071"
"136";"24";"1";"3";"1";"35.80204";"139.9813374";"???";"28-03-2015, 1:01 ??";"??";"???";"??";"1427472109289"
"137";"12";"1";"2";"2";"35.693601";"139.423993";"????";"28-03-2015, 1:03 ??";"??";"???";"???";"1427472225759"
"138";"12";"1";"2";"2";"35.693601";"139.423993";"????";"28-03-2015, 1:03 ??";"??";"???";"???";"1427472225759"
"139";"12";"1";"2";"2";"35.693601";"139.423993";"????";"28-03-2015, 1:03 ??";"??";"???";"???";"1427472225759"
"140";"1";"1";"1";"1";"35.7231562";"139.8052465";"Feeling HAPPY";"28-03-2015, 1:13 AM";"Japan";"Tokyo";"Taito";"1427472833756"
"141";"51";"1";"2";"2";"35.7145565";"139.6666332";"????";"28-03-2015, 4:20 ??";NULL;NULL;NULL;"1427484044594"
"142";"51";"1";"2";"2";"35.7097371";"139.6630346";"????";"28-03-2015, 4:34 ??";"??";"???";"???";"1427484858698"
"143";"46";"1";"2";"2";"35.5434495";"139.4445272";"????";"28-03-2015, 8:16 ??";NULL;NULL;NULL;"1427498182031"
"144";"36";"1";"1";"2";"34.3868052";"132.4637327";"????";"28-03-2015, 10:28 ??";NULL;NULL;NULL;"1427506118459"
"145";"33";"1";"1";"1";"33.4020063";"130.5287145";"???";"28-03-2015, 10:46 ??";"??";"???";"???";"1427507178842"
"146";"33";"1";"2";"2";"33.3260761";"130.4994832";"????";"28-03-2015, 11:04 ??";"??";"???";"???";"1427508292372"
"147";"51";"1";"2";"2";"35.7162788";"139.6718699";"????";"28-03-2015, 1:17 ??";"??";"???";"???";"1427516249579"
"148";"70";"1";"3";"2";"33.1603081";"129.8976364";"????";"28-03-2015, 4:48 ??";"??";"???";"???";"1427528908670"
"149";"36";"1";"3";"1";"34.3935273";"132.4990281";"???";"28-03-2015, 5:09 ??";"??";"???";"???";"1427530193333"
"150";"67";"1";"1";"1";"34.7523253";"135.6540614";"???";"28-03-2015, 5:24 PM";"??";"???";"????";"1427531083043"
"151";"37";"1";"1";"1";"35.6963466";"139.7752763";"???";"28-03-2015, 6:01 ??";NULL;NULL;NULL;"1427533298034"
"152";"15";"1";"2";"1";"35.6933355";"139.7019338";"???";"28-03-2015, 6:10 ??";NULL;NULL;NULL;"1427533827702"
"153";"46";"1";"2";"2";"35.7957141";"139.624926";"????";"28-03-2015, 6:17 ??";"??";"???";"???";"1427534256728"
"154";"32";"1";"1";"1";"35.6668804";"139.77046";"???";"28-03-2015, 7:23 ??";NULL;NULL;NULL;"1427538225795"
"155";"51";"1";"3";"3";"35.8077047";"139.6774214";"?????";"28-03-2015, 8:26 ??";"??";"???";"???";"1427541973665"
"156";"61";"1";"1";"1";"37.8059442";"139.1144623";"???";"28-03-2015, 8:49 ??";"??";"???";"???";"1427543343123"
"157";"51";"1";"2";"2";"35.7777429";"139.721236";"????";"28-03-2015, 9:01 ??";"??";"???";"??";"1427544071488"
"158";"7";"1";"3";"3";"35.6968073";"139.6035726";"?????";"28-03-2015, 9:46 ??";"??";"???";"???";"1427546770783"
"159";"72";"1";"2";"2";"35.7137782";"140.2749988";"????";"28-03-2015, 10:32 ??";"??";"???";"????";"1427549559794"
"160";"24";"1";"2";"2";"35.7965382";"139.9154604";"????";"28-03-2015, 11:06 ??";"??";"???";"???";"1427551588203"
"161";"61";"1";"1";"1";"37.8627202";"139.113997";"???";"28-03-2015, 11:09 ??";"??";"???";"???";"1427551760893"
"162";"46";"1";"2";"2";"35.7041846";"139.7918678";"????";"28-03-2015, 11:10 ??";"??";"???";"???";"1427551838834"
"163";"46";"1";"1";"1";"35.6713019";"139.8929076";"???";"28-03-2015, 11:12 ??";"??";"???";"???";"1427551969120"
"164";"46";"1";"1";"1";"35.6975962";"139.7863026";"???";"28-03-2015, 11:13 ??";NULL;NULL;NULL;"1427552012511"
"165";"46";"1";"1";"1";"35.6713019";"139.8929075";"???";"28-03-2015, 11:14 ??";"??";"???";"???";"1427552074807"
"166";"46";"1";"1";"1";"35.6713019";"139.8929075";"???";"28-03-2015, 11:14 ??";"??";"???";"???";"1427552074807"
"167";"46";"1";"1";"1";"35.6922925";"139.7848396";"???";"28-03-2015, 11:14 ??";"??";"???";"???";"1427552092037"
"168";"46";"1";"1";"1";"35.6713019";"139.8929075";"???";"28-03-2015, 11:15 ??";"??";"???";"???";"1427552157250"
"169";"32";"1";"2";"2";"35.6617916";"139.7923936";"????";"29-03-2015, 12:02 ??";"??";"???";"???";"1427554933426"
"170";"5";"1";"1";"1";"47.7667281";"12.1131929";"Feeling HAPPY";"28-03-2015, 4:57 pm";"Germany";NULL;"Raubling";"1427558272526"
"171";"51";"1";"2";"2";"35.7139686";"139.6725632";"????";"29-03-2015, 1:39 ??";"??";"???";"???";"1427560753558"
"172";"51";"1";"1";"1";"35.7129344";"139.6722343";"???";"29-03-2015, 1:43 ??";"??";"???";"???";"1427561017123"
"173";"51";"1";"1";"1";"35.7188384";"139.6696579";"???";"29-03-2015, 5:47 ??";"??";"???";"???";"1427575651768"
"174";"33";"1";"2";"2";"33.4031109";"130.5156767";"????";"29-03-2015, 6:43 ??";"??";"???";"???";"1427578988784"
"175";"74";"1";"1";"1";"34.7977992";"134.6882069";"???";"29-03-2015, 8:16 ??";"??";"???";"???";"1427616991582"
"176";"32";"1";"2";"2";"35.6607598";"139.7930389";"????";"29-03-2015, 10:23 ??";"??";"???";"???";"1427592235163"
"177";"36";"1";"2";"2";"34.4438331";"132.4604064";"????";"29-03-2015, 10:49 ??";"??";"???";"???";"1427593748000"
"178";"70";"1";"2";"1";"33.1899597";"130.0235631";"???";"29-03-2015, 11:21 ??";"??";"???";"???";"1427595689581"
"179";"70";"1";"2";"2";"33.1894046";"130.0244762";"????";"29-03-2015, 11:31 ??";"??";"???";"???";"1427596275928"
"180";"61";"1";"1";"1";"37.8381289";"139.109764";"???";"29-03-2015, 11:52 ??";"??";"???";"???";"1427597525166"
"181";"46";"1";"1";"2";"35.4534015";"139.3920956";"????";"29-03-2015, 12:59 ??";"??";"????";"????";"1427601551737"
"182";"46";"1";"3";"1";"35.4699534";"139.460524";"???";"29-03-2015, 1:07 ??";"??";"????";"???";"1427602059537"
"183";"46";"1";"1";"1";"35.4697883";"139.4761725";"???";"29-03-2015, 1:10 ??";"??";"????";"???";"1427602231868"
"184";"78";"1";"3";"1";"35.6928454";"139.6998588";"???";"29-03-2015, 2:48 ??";"??";"???";"???";"1427608086866"
"185";"78";"1";"2";"1";"35.7060177";"139.6894533";"???";"29-03-2015, 2:49 ??";"??";"???";"???";"1427608168791"
"186";"78";"1";"1";"1";"35.7063247";"139.6849007";"???";"29-03-2015, 2:49 ??";"??";"???";"???";"1427608196006"
"187";"78";"1";"2";"2";"35.7057401";"139.6627094";"????";"29-03-2015, 2:52 ??";"??";"???";"???";"1427608332003"
"188";"32";"1";"2";"2";"35.6755473";"139.7613055";"????";"29-03-2015, 5:25 ??";"??";"???";"????";"1427617531956"
"189";"79";"1";"1";"1";"35.0989369";"137.0234955";"???";"29-03-2015, 5:57 ??";"??";"???";"???";"1427619438462"
"190";"67";"1";"2";"2";"34.7752857";"135.6687885";"????";"29-03-2015, 6:05 PM";"??";"???";"???";"1427619943974"
"191";"79";"1";"1";"1";"35.1332425";"136.9751054";"???";"29-03-2015, 7:22 ??";NULL;NULL;NULL;"1427624574162"
"192";"78";"1";"1";"1";"35.7077382";"139.5612659";"???";"30-03-2015, 12:19 ??";NULL;NULL;NULL;"1427642353958"
"193";"52";"1";"3";"2";"35.6850345";"139.8451622";"????";"30-03-2015, 5:34 ??";"??";"???";"???";"1427661240466"
"194";"52";"1";"1";"2";"35.6869305";"139.8453387";"????";"30-03-2015, 5:35 ??";"??";"???";"???";"1427661356816"
"195";"24";"1";"3";"3";"35.7942321";"139.9187496";"?????";"30-03-2015, 7:29 ??";"??";"???";"???";"1427668187758"
"196";"68";"1";"1";"1";"34.8827638";"135.2285321";"???";"30-03-2015, 9:15 AM";"??";"???";"???";"1427674557108"
"197";"36";"1";"2";"2";"34.3946596";"132.497512";"????";"30-03-2015, 12:17 ??";"??";"???";"???";"1427685463238"
"198";"1";"1";"1";"1";"35.6934772";"139.7577817";"Feeling HAPPY";"30-03-2015, 12:40 PM";"Japan";"Tokyo";"Chiyoda";"1427686833217"
"199";"79";"1";"2";"2";"35.1799215";"136.905414";"????";"31-03-2015, 2:58 ??";NULL;NULL;NULL;"1427781485280"
"200";"62";"1";"2";"2";"38.2913767";"140.9037608";"????";"31-03-2015, 4:24 PM";NULL;NULL;NULL;"1427786691341"
"201";"1";"1";"1";"1";"41.8306556";"159.6019387";"Feeling HAPPY";"01-04-2015, 9:45 PM";NULL;NULL;NULL;"1427892363067"
"202";"1";"1";"1";"1";"34.0186375";"-118.2822007";"Feeling HAPPY";"02-04-2015, 12:42 PM";"United States";"California";"Los Angeles";"1427946180244"
"203";"1";"1";"1";"1";"34.0198646";"-118.2900404";"Feeling HAPPY";"03-04-2015, 11:30 AM";"United States";"California";"Los Angeles";"1428028235919"
"204";"1";"1";"2";"2";"34.0190076";"-118.2886417";"Feeling OK";"04-04-2015, 5:21 AM";"United States";"California";"Los Angeles";"1428092501671"
"205";"80";"1";"1";"1";"34.0189898";"-118.2886888";"Feeling HAPPY";"04-04-2015, 5:24 AM";NULL;NULL;NULL;"1428092673385"
"206";"81";"1";"1";"2";"30.264753";"-92.2623534";"Feeling OK";"05-04-2015, 5:58 PM";"United States";"Louisiana";"Rayne";"1428274697617"
"207";"53";"1";"1";"1";"32.7756053";"129.9518973";"???";"06-04-2015, 12:18 ??";"??";"???";"???";"1428290311702"
"208";"53";"1";"2";"1";"32.8335257";"129.8452167";"???";"06-04-2015, 2:35 ??";"??";"???";"???";"1428298552430"
"209";"83";"1";"1";"1";"47.7667425";"12.1132172";"Feeling HAPPY";"07-04-2015, 5:48 pm";"Germany";NULL;"Raubling";"1428421718226"
"210";"81";"1";"1";"1";"30.3091344";"-92.1234051";"Feeling HAPPY";"07-04-2015, 4:43 PM";"United States";"Louisiana";"Church Point";"1428443007317"
"211";"81";"1";"1";"2";"30.2700543";"-92.1009261";"Feeling OK";"07-04-2015, 7:03 PM";"United States";"Louisiana";"Scott";"1428451406955"
"212";"53";"1";"3";"1";"32.7506116";"129.8956392";"???";"11-04-2015, 4:38 ??";"??";"???";"???";"1428737908883"
"213";"53";"1";"1";"1";"32.7512907";"129.8967065";"???";"12-04-2015, 5:29 ??";"??";"???";"???";"1428827377296"
"214";"53";"1";"1";"1";"32.741935";"129.8748221";"???";"12-04-2015, 8:30 ??";"??";"???";"???";"1428838232564"
"215";"53";"1";"1";"1";"32.9119542";"129.9573295";"???";"13-04-2015, 4:35 ??";"??";"???";"???";"1428910516276"
"216";"53";"1";"1";"1";"32.7523847";"129.8712213";"???";"13-04-2015, 6:55 ??";"??";"???";"???";"1428918956996"
"217";"53";"1";"1";"1";"32.7511552";"129.8963343";"???";"14-04-2015, 3:08 ??";"??";"???";"???";"1428991697949"
"218";"2";"1";"1";"1";"35.6935141";"139.7577905";"Feeling HAPPY";"15-04-2015, 7:38 PM";"Japan";"Tokyo";"Chiyoda";"1429094328988"
"219";"53";"1";"2";"1";"32.7463723";"129.8730366";"???";"20-04-2015, 11:36 ??";"??";"???";"???";"1429497398949"
"220";"2";"1";"1";"1";"35.6926108";"139.7576176";"Feeling HAPPY";"20-04-2015, 6:19 PM";"Japan";"Tokyo";"Chiyoda";"1429521559592"
"221";"53";"1";"1";"1";"32.8322201";"130.0018599";"???";"24-04-2015, 6:49 ??";"??";"???";"???";"1429868979905"
"222";"81";"1";"2";"2";"30.2630146";"-92.1852475";"Feeling OK";"26-04-2015, 10:29 AM";"United States";"Louisiana";"Scott";"1430062150514"
"223";"81";"1";"2";"2";"30.1371923";"-93.2115293";"Feeling OK";"29-04-2015, 11:46 AM";"United States";"Louisiana";"Lake Charles";"1430326016263"
"224";"81";"1";"2";"2";"30.1923025";"-92.0726236";"Feeling OK";"16-05-2015, 1:58 PM";"United States";"Louisiana";"Lafayette";"1431802727552"
"225";"89";"1";"2";"1";"35.6934618";"139.7578137";"Feeling HAPPY";"18-05-2015, 4:28 PM";"Japan";"Tokyo";"Chiyoda";"1431934122418"
"226";"90";"1";"1";"1";"35.6935019";"139.7577729";"Feeling HAPPY";"04-06-2015, 2:57 PM";"Japan";"Tokyo";"Chiyoda";"1433397454358"
"227";"91";"1";"1";"1";"35.6934969";"139.7577625";"???";"12-06-2015, 1:48 ??";NULL;NULL;NULL;"1434084509133"
"228";"91";"1";"2";"3";"35.6934963";"139.7577609";"?????";"12-06-2015, 1:48 ??";NULL;NULL;NULL;"1434084528085"
"229";"91";"1";"3";"3";"35.6934955";"139.7577614";"?????";"12-06-2015, 1:48 ??";NULL;NULL;NULL;"1434084539346"
"230";"92";"1";"3";"1";"35.6934725";"139.7577875";"Feeling HAPPY";"12-06-2015, 1:59 pm";NULL;NULL;NULL;"1434085146202"
"231";"93";"1";"1";"1";"35.6934834";"139.7577883";"Feeling HAPPY";"12-06-2015, 2:44 pm";NULL;NULL;NULL;"1434087896742"
"232";"96";"1";"1";"1";"35.6989613";"139.7773288";"Feeling HAPPY";"17-06-2015, 11:31 AM";NULL;NULL;NULL;"1434508265091"
"233";"97";"1";"3";"3";"35.6934636";"139.7577713";"?????";"19-06-2015, 4:26 ??";NULL;NULL;NULL;"1434698817416"
"234";"98";"1";"1";"1";"35.6934793";"139.757767";"???";"19-06-2015, 4:28 ??";NULL;NULL;NULL;"1434698894510"
"235";"99";"1";"3";"3";"35.6935214";"139.7577415";"Feeling SAD";"19-06-2015, 4:49 pm";"Japan";"Tokyo";"Chiyoda";"1434700190010"
"236";"100";"1";"1";"1";"35.693013";"139.7579353";"Feeling HAPPY";"19-06-2015, 5:12 PM";NULL;NULL;NULL;"1434701537927"
"237";"101";"1";"3";"3";"35.7166624";"139.7376341";"Feeling SAD";"19-06-2015, 6:33 PM";NULL;NULL;NULL;"1434706383837"
"238";"102";"1";"2";"2";"35.651279";"140.041265";"????";"19-06-2015, 11:47 ??";NULL;NULL;NULL;"1434725252610"
"239";"105";"1";"1";"1";"35.7679955";"139.7892288";"???";"20-06-2015, 12:22 ??";NULL;NULL;NULL;"1434727334000"
"240";"108";"1";"3";"3";"42.3205835";"140.9888135";"?????";"20-06-2015, 1:31 ??";NULL;NULL;NULL;"1434731519990"
"241";"108";"1";"1";"1";"42.3467159";"140.9937071";"???";"20-06-2015, 1:41 ??";NULL;NULL;NULL;"1434732068214"
"242";"110";"1";"1";"2";"43.0601213";"141.5068852";"????";"20-06-2015, 4:57 ??";NULL;NULL;NULL;"1434743827690"
"243";"112";"1";"3";"3";"34.6530317";"134.51162";"?????";"20-06-2015, 5:58 ??";NULL;NULL;NULL;"1434747509897"
"244";"113";"1";"1";"2";"34.5544392";"132.8633838";"????";"20-06-2015, 6:03 ??";NULL;NULL;NULL;"1434747818444"
"245";"114";"1";"1";"1";"35.5037364";"139.4169763";"???";"20-06-2015, 8:28 ??";NULL;NULL;NULL;"1434756531675"
"246";"115";"1";"1";"1";"35.503748";"139.4169635";"???";"20-06-2015, 8:33 ??";NULL;NULL;NULL;"1434756807314"
"247";"102";"1";"2";"2";"35.649759";"140.04168";"????";"20-06-2015, 8:34 ??";NULL;NULL;NULL;"1434756850310"
"248";"102";"1";"1";"1";"35.653765";"140.044614";"???";"20-06-2015, 8:38 ??";NULL;NULL;NULL;"1434757132110"
"249";"116";"1";"2";"2";"36.3739076";"139.0323277";"????";"20-06-2015, 9:33 ??";NULL;NULL;NULL;"1434760386747"
"250";"117";"1";"1";"1";"35.8686339";"139.6152663";"???";"20-06-2015, 9:45 ??";NULL;NULL;NULL;"1434761147071"
"251";"110";"1";"1";"2";"43.0903704";"141.5318578";"????";"20-06-2015, 9:47 ??";NULL;NULL;NULL;"1434761233143"
"252";"115";"1";"2";"2";"35.4993047";"139.4082725";"????";"20-06-2015, 9:49 ??";NULL;NULL;NULL;"1434761352522"
"253";"110";"1";"2";"2";"43.0905622";"141.5293837";"????";"20-06-2015, 10:03 ??";NULL;NULL;NULL;"1434762221963"
"254";"118";"1";"2";"2";"35.4791675";"139.4037884";"????";"20-06-2015, 10:10 ??";NULL;NULL;NULL;"1434762645391"
"255";"120";"1";"3";"3";"34.6454346";"134.5058418";"?????";"20-06-2015, 10:26 ??";NULL;NULL;NULL;"1434763563843"
"256";"121";"1";"3";"3";"35.6841877";"139.8453121";"?????";"20-06-2015, 10:26 ??";NULL;NULL;NULL;"1434763590737"
"257";"123";"1";"2";"2";"34.3858557";"132.4420638";"????";"20-06-2015, 10:48 ??";NULL;NULL;NULL;"1434764892185"
"258";"123";"1";"1";"1";"34.3876386";"132.4380955";"???";"20-06-2015, 10:51 ??";NULL;NULL;NULL;"1434765110131"
"259";"123";"1";"1";"1";"34.3876386";"132.4380955";"???";"20-06-2015, 10:51 ??";NULL;NULL;NULL;"1434765110131"
"260";"123";"1";"2";"2";"34.3893901";"132.4261834";"????";"20-06-2015, 10:53 ??";NULL;NULL;NULL;"1434765196060"
"261";"124";"1";"1";"1";"33.7065457";"130.976089";"???";"20-06-2015, 11:06 AM";NULL;NULL;NULL;"1434765975669"
"262";"116";"1";"1";"1";"36.3626357";"139.0215988";"???";"20-06-2015, 11:10 ??";NULL;NULL;NULL;"1434766201342"
"263";"105";"1";"2";"1";"35.7690828";"139.7894994";"???";"20-06-2015, 11:52 ??";NULL;NULL;NULL;"1434768777909"
"264";"105";"1";"1";"1";"35.7679719";"139.789191";"???";"20-06-2015, 12:22 ??";NULL;NULL;NULL;"1434770562677"
"265";"125";"1";"1";"1";"34.968232";"136.9057747";"???";"20-06-2015, 12:42 ??";NULL;NULL;NULL;"1434771776780"
"266";"102";"1";"2";"2";"35.642857";"140.052004";"????";"20-06-2015, 12:45 ??";NULL;NULL;NULL;"1434771921906"
"267";"126";"1";"3";"3";"34.7110908";"135.5113821";"?????";"20-06-2015, 12:47 ??";NULL;NULL;NULL;"1434772023524"
"268";"102";"1";"2";"2";"35.657478";"140.052969";"????";"20-06-2015, 12:54 ??";NULL;NULL;NULL;"1434772487862"
"269";"113";"1";"1";"1";"34.3937203";"132.5010248";"???";"20-06-2015, 1:38 ??";NULL;NULL;NULL;"1434775101736"
"270";"115";"1";"1";"1";"35.4883742";"139.4004227";"???";"20-06-2015, 1:55 ??";NULL;NULL;NULL;"1434776116331"
"271";"104";"1";"2";"2";"36.4626575";"136.4716539";"????";"20-06-2015, 2:05 ??";NULL;NULL;NULL;"1434776741177"
"272";"127";"1";"2";"2";"34.8834094";"137.1674765";"????";"20-06-2015, 2:06 PM";NULL;NULL;NULL;"1434776792480"
"273";"129";"1";"2";"2";"35.9071716";"139.6256632";"????";"20-06-2015, 2:28 ??";NULL;NULL;NULL;"1434778118742"
"274";"132";"1";"1";"1";"34.8529551";"136.4658453";"???";"20-06-2015, 3:11 ??";NULL;NULL;NULL;"1434780684835"
"275";"131";"1";"2";"2";"37.8928866";"139.0017563";"????";"20-06-2015, 3:14 ??";NULL;NULL;NULL;"1434780873593"
"276";"129";"1";"1";"1";"35.9293038";"139.6303758";"???";"20-06-2015, 3:46 ??";NULL;NULL;NULL;"1434782760656"
"277";"129";"1";"1";"1";"35.928927";"139.628154";"???";"20-06-2015, 3:50 ??";NULL;NULL;NULL;"1434783036611"
"278";"129";"1";"2";"2";"35.9251669";"139.6282129";"????";"20-06-2015, 5:12 ??";NULL;NULL;NULL;"1434787973733"
"279";"110";"1";"1";"1";"43.0797309";"141.5128342";"???";"20-06-2015, 5:13 ??";NULL;NULL;NULL;"1434788024279"
"280";"110";"1";"1";"2";"43.0629945";"141.5025147";"????";"20-06-2015, 5:18 ??";NULL;NULL;NULL;"1434788335960"
"281";"118";"1";"1";"1";"35.814178";"139.6822772";"???";"20-06-2015, 5:22 ??";NULL;NULL;NULL;"1434788535043"
"282";"118";"1";"1";"1";"35.8130565";"139.682466";"???";"20-06-2015, 5:22 ??";NULL;NULL;NULL;"1434788558826"
"283";"118";"1";"1";"1";"35.8081011";"139.683104";"???";"20-06-2015, 5:24 ??";NULL;NULL;NULL;"1434788668689"
"284";"118";"1";"2";"2";"35.8053572";"139.6837024";"????";"20-06-2015, 5:25 ??";NULL;NULL;NULL;"1434788738334"
"285";"118";"1";"1";"1";"35.8020575";"139.6841376";"???";"20-06-2015, 5:26 ??";NULL;NULL;NULL;"1434788801951"
"286";"118";"1";"2";"2";"35.7908375";"139.6851673";"????";"20-06-2015, 5:28 ??";NULL;NULL;NULL;"1434788890442"
"287";"118";"1";"2";"1";"35.7894736";"139.6849258";"???";"20-06-2015, 5:28 ??";NULL;NULL;NULL;"1434788905021"
"288";"118";"1";"2";"2";"35.7876133";"139.6850429";"????";"20-06-2015, 5:28 ??";NULL;NULL;NULL;"1434788922811"
"289";"118";"1";"1";"1";"35.7826026";"139.6888711";"???";"20-06-2015, 5:30 ??";NULL;NULL;NULL;"1434789052389"
"290";"118";"1";"3";"1";"35.7816771";"139.6895975";"???";"20-06-2015, 5:31 ??";NULL;NULL;NULL;"1434789070619"
"291";"102";"1";"2";"2";"35.651279";"140.041265";"????";"20-06-2015, 6:05 ??";NULL;NULL;NULL;"1434791116699"
"292";"102";"1";"3";"3";"35.652705";"140.036396";"?????";"20-06-2015, 6:10 ??";NULL;NULL;NULL;"1434791408592"
"293";"102";"1";"3";"3";"35.652705";"140.036396";"?????";"20-06-2015, 6:10 ??";NULL;NULL;NULL;"1434791408592"
"294";"102";"1";"2";"2";"35.651279";"140.041265";"????";"20-06-2015, 6:13 ??";NULL;NULL;NULL;"1434791588526"
"295";"105";"1";"2";"1";"35.7714776";"139.781344";"???";"20-06-2015, 6:15 ??";NULL;NULL;NULL;"1434791709426"
"296";"115";"1";"1";"1";"35.443425";"139.6449582";"???";"20-06-2015, 6:32 ??";NULL;NULL;NULL;"1434792727951"
"297";"133";"1";"1";"1";"43.1606533";"141.4081501";"???";"20-06-2015, 7:36 ??";NULL;NULL;NULL;"1434796597687"
"298";"123";"1";"3";"3";"34.3967626";"132.4283534";"?????";"20-06-2015, 7:58 ??";NULL;NULL;NULL;"1434797924891"
"299";"123";"1";"2";"2";"34.3967574";"132.4297649";"????";"20-06-2015, 7:59 ??";NULL;NULL;NULL;"1434797951787"
"300";"113";"1";"3";"2";"34.4072213";"132.5037756";"????";"20-06-2015, 8:20 ??";NULL;NULL;NULL;"1434799247439"
"301";"105";"1";"2";"1";"35.7679623";"139.7892022";"Feeling HAPPY";"20-06-2015, 10:18 PM";NULL;NULL;NULL;"1434806307051"
"302";"115";"1";"1";"1";"35.5036827";"139.4170042";"???";"20-06-2015, 10:32 ??";NULL;NULL;NULL;"1434807156142"
"303";"102";"1";"3";"3";"35.657587";"140.037923";"?????";"20-06-2015, 10:40 ??";NULL;NULL;NULL;"1434807633066"
"304";"135";"1";"1";"1";"35.759847";"139.6216197";"???";"20-06-2015, 10:48 ??";NULL;NULL;NULL;"1434808090524"
"305";"102";"1";"2";"2";"35.655757";"140.046518";"????";"20-06-2015, 10:51 ??";NULL;NULL;NULL;"1434808315159"
"306";"137";"1";"2";"2";"35.6619404";"139.7920607";"????";"20-06-2015, 10:55 ??";NULL;NULL;NULL;"1434808519387"
"307";"102";"1";"2";"2";"35.656573";"140.051461";"????";"20-06-2015, 10:58 ??";NULL;NULL;NULL;"1434808714799"
"308";"102";"1";"3";"3";"35.649183";"140.034146";"?????";"20-06-2015, 11:02 ??";NULL;NULL;NULL;"1434808927663"
"309";"102";"1";"3";"3";"35.649183";"140.034146";"?????";"20-06-2015, 11:02 ??";NULL;NULL;NULL;"1434808927663"
"310";"102";"1";"3";"3";"35.649183";"140.034146";"?????";"20-06-2015, 11:02 ??";NULL;NULL;NULL;"1434808927663"
"311";"102";"1";"3";"3";"35.654218";"140.028358";"?????";"20-06-2015, 11:16 ??";NULL;NULL;NULL;"1434809814499"
"312";"118";"1";"2";"2";"35.651217";"139.6366501";"????";"20-06-2015, 11:54 ??";NULL;NULL;NULL;"1434812063871"
"313";"107";"1";"2";"2";"35.8020654";"139.9813721";"????";"20-06-2015, 11:54 ??";NULL;NULL;NULL;"1434812064947"
"314";"102";"1";"2";"2";"35.6643929";"140.036965";"????";"21-06-2015, 12:02 ??";NULL;NULL;NULL;"1434812549224"
"315";"102";"1";"2";"2";"35.6643929";"140.036965";"????";"21-06-2015, 12:02 ??";NULL;NULL;NULL;"1434812549224"
"316";"102";"1";"2";"2";"35.6643929";"140.036965";"????";"21-06-2015, 12:02 ??";NULL;NULL;NULL;"1434812549224"
"317";"102";"1";"2";"2";"35.640185";"140.03782";"????";"21-06-2015, 12:05 ??";NULL;NULL;NULL;"1434812734051"
"318";"102";"1";"2";"2";"35.64503";"140.039232";"????";"21-06-2015, 12:17 ??";NULL;NULL;NULL;"1434813426439"
"319";"102";"1";"1";"1";"35.649881";"140.037816";"???";"21-06-2015, 12:43 ??";NULL;NULL;NULL;"1434815016019"
"320";"131";"1";"1";"1";"37.8627223";"139.1139766";"???";"21-06-2015, 12:45 ??";NULL;NULL;NULL;"1434815116612"
"321";"131";"1";"1";"1";"37.8627223";"139.1139766";"???";"21-06-2015, 12:45 ??";NULL;NULL;NULL;"1434815116612"
"322";"139";"1";"1";"1";"34.8456802";"135.6086666";"???";"21-06-2015, 12:55 ??";NULL;NULL;NULL;"1434815701205"
"323";"138";"1";"1";"1";"35.9902328";"139.3563444";"???";"21-06-2015, 12:57 ??";NULL;NULL;NULL;"1434815845785"
"324";"140";"1";"1";"1";"36.0545081";"139.5378846";"???";"21-06-2015, 6:10 ??";NULL;NULL;NULL;"1434834618716"
"325";"141";"1";"1";"1";"34.6530801";"134.5115833";"???";"21-06-2015, 6:29 ??";NULL;NULL;NULL;"1434835799376"
"326";"123";"1";"2";"2";"34.3853814";"132.4419594";"????";"21-06-2015, 6:59 ??";NULL;NULL;NULL;"1434837543650"
"327";"145";"1";"1";"1";"36.6890428";"139.7456446";"???";"21-06-2015, 7:36 ??";NULL;NULL;NULL;"1434839803339"
"328";"146";"1";"2";"2";"35.7188785";"139.6695537";"????";"21-06-2015, 7:41 ??";NULL;NULL;NULL;"1434840101588"
"329";"102";"1";"2";"2";"35.6555";"140.05766";"????";"21-06-2015, 8:20 ??";NULL;NULL;NULL;"1434842406889"
"330";"137";"1";"2";"2";"35.6543562";"139.7959566";"????";"21-06-2015, 8:22 ??";NULL;NULL;NULL;"1434842550084"
"331";"137";"1";"2";"2";"35.6640931";"139.7842299";"????";"21-06-2015, 8:30 ??";NULL;NULL;NULL;"1434843034794"
"332";"102";"1";"1";"1";"35.6634839";"140.041206";"???";"21-06-2015, 8:34 ??";NULL;NULL;NULL;"1434843250953"
"333";"147";"1";"1";"1";"35.9064743";"136.2390006";"???";"21-06-2015, 8:45 ??";NULL;NULL;NULL;"1434843938678"
"334";"102";"1";"2";"2";"35.654419";"140.021418";"????";"21-06-2015, 9:03 ??";NULL;NULL;NULL;"1434845004299"
"335";"102";"1";"2";"2";"35.654419";"140.021418";"????";"21-06-2015, 9:03 ??";NULL;NULL;NULL;"1434845004299"
"336";"102";"1";"3";"3";"35.668676";"140.028185";"?????";"21-06-2015, 9:04 ??";NULL;NULL;NULL;"1434845057803"
"337";"115";"1";"2";"2";"35.4983858";"139.4753096";"????";"21-06-2015, 9:22 ??";NULL;NULL;NULL;"1434846170252"
"338";"105";"1";"2";"1";"35.7512497";"139.8048278";"Feeling HAPPY";"21-06-2015, 9:35 AM";NULL;NULL;NULL;"1434846906012"
"339";"148";"1";"1";"1";"43.0099493";"141.3668038";"???";"21-06-2015, 9:37 ??";NULL;NULL;NULL;"1434847041587"
"340";"123";"1";"1";"1";"34.3950055";"132.4560601";"???";"21-06-2015, 10:12 ??";NULL;NULL;NULL;"1434849139044"
"341";"151";"1";"1";"1";"34.6332051";"135.5124827";"???";"21-06-2015, 11:12 ??";NULL;NULL;NULL;"1434852742809"
"342";"152";"1";"1";"1";"35.472717";"139.40145";"???";"21-06-2015, 11:38 ??";NULL;NULL;NULL;"1434854322035"
"343";"126";"1";"2";"2";"34.71466";"135.5096923";"????";"21-06-2015, 11:55 ??";NULL;NULL;NULL;"1434855312629"
"344";"131";"1";"1";"1";"37.7866154";"139.1125154";"???";"21-06-2015, 12:03 ??";NULL;NULL;NULL;"1434855829331"
"345";"131";"1";"1";"1";"37.7866154";"139.1125154";"???";"21-06-2015, 12:03 ??";NULL;NULL;NULL;"1434855829331"
"346";"125";"1";"2";"2";"34.9466803";"136.9150085";"????";"21-06-2015, 12:24 ??";NULL;NULL;NULL;"1434857073186"
"347";"102";"1";"1";"1";"35.685119";"139.99836";"???";"21-06-2015, 1:24 ??";NULL;NULL;NULL;"1434860649216"
"348";"115";"1";"1";"1";"35.4942602";"139.5067463";"???";"21-06-2015, 1:34 ??";NULL;NULL;NULL;"1434861268948"
"349";"105";"1";"3";"3";"35.7279361";"139.712104";"Feeling SAD";"21-06-2015, 1:38 PM";NULL;NULL;NULL;"1434861497193"
"350";"102";"1";"2";"2";"35.697772";"139.826645";"????";"21-06-2015, 1:40 ??";NULL;NULL;NULL;"1434861610630"
"351";"102";"1";"2";"2";"35.695603";"139.7918929";"????";"21-06-2015, 1:43 ??";NULL;NULL;NULL;"1434861795918"
"352";"102";"1";"2";"2";"35.695603";"139.7918929";"????";"21-06-2015, 1:43 ??";NULL;NULL;NULL;"1434861795918"
"353";"102";"1";"3";"3";"35.698138";"139.773231";"?????";"21-06-2015, 1:50 ??";NULL;NULL;NULL;"1434862237547"
"354";"102";"1";"3";"3";"35.698138";"139.773231";"?????";"21-06-2015, 1:50 ??";NULL;NULL;NULL;"1434862237547"
"355";"137";"1";"1";"1";"35.669099";"139.7919273";"???";"21-06-2015, 2:36 ??";NULL;NULL;NULL;"1434864973359"
"356";"137";"1";"1";"1";"35.6559064";"139.792783";"???";"21-06-2015, 3:00 ??";NULL;NULL;NULL;"1434866415670"
"357";"137";"1";"3";"3";"35.6580047";"139.7927205";"?????";"21-06-2015, 3:29 ??";NULL;NULL;NULL;"1434868153075"
"358";"126";"1";"2";"2";"34.7110839";"135.51138";"????";"21-06-2015, 4:07 ??";NULL;NULL;NULL;"1434870427807"
"359";"113";"1";"1";"1";"34.4080101";"132.7510098";"???";"21-06-2015, 4:14 ??";NULL;NULL;NULL;"1434870879756"
"360";"154";"1";"2";"2";"36.8959459";"140.7676214";"????";"21-06-2015, 4:16 ??";NULL;NULL;NULL;"1434870997671"
"361";"136";"1";"2";"2";"35.5308832";"139.6956698";"????";"21-06-2015, 4:27 ??";NULL;NULL;NULL;"1434871639434"
"362";"125";"1";"2";"3";"34.9682278";"136.9057785";"?????";"21-06-2015, 4:27 ??";NULL;NULL;NULL;"1434871639611"
"363";"123";"1";"1";"1";"34.3859198";"132.4420886";"???";"21-06-2015, 4:32 ??";NULL;NULL;NULL;"1434871964008"
"364";"115";"1";"2";"2";"35.5037375";"139.4169784";"????";"21-06-2015, 5:43 ??";NULL;NULL;NULL;"1434876232670"
"365";"156";"1";"3";"3";"35.7047333";"139.6114377";"?????";"21-06-2015, 5:44 ??";NULL;NULL;NULL;"1434876254785"
"366";"102";"1";"2";"2";"35.689416";"139.7003159";"????";"21-06-2015, 5:54 ??";NULL;NULL;NULL;"1434876867348"
"367";"157";"1";"1";"1";"34.8590632";"135.7083153";"???";"21-06-2015, 6:10 ??";NULL;NULL;NULL;"1434877842611"
"368";"131";"1";"2";"2";"37.8827301";"139.0656728";"????";"21-06-2015, 7:04 ??";NULL;NULL;NULL;"1434881081232"
"369";"131";"1";"2";"2";"37.8852646";"139.0716081";"????";"21-06-2015, 7:05 ??";NULL;NULL;NULL;"1434881133007"
"370";"105";"1";"1";"1";"35.7293206";"139.7104431";"Feeling HAPPY";"21-06-2015, 8:01 PM";NULL;NULL;NULL;"1434884504764"
"371";"105";"1";"2";"2";"35.7329689";"139.7124697";"Feeling OKAY";"21-06-2015, 8:05 PM";NULL;NULL;NULL;"1434884746834"
"372";"158";"1";"1";"1";"35.567541";"139.5995976";"???";"21-06-2015, 8:25 ??";NULL;NULL;NULL;"1434885958516"
"373";"159";"1";"1";"1";"26.6009635";"127.9567362";"???";"21-06-2015, 8:33 ??";NULL;NULL;NULL;"1434886425091"
"374";"102";"1";"2";"2";"35.6710769";"139.702626";"????";"21-06-2015, 10:02 ??";NULL;NULL;NULL;"1434891724246"
"375";"136";"1";"1";"1";"35.4606471";"139.6174736";"???";"21-06-2015, 10:24 ??";NULL;NULL;NULL;"1434893081557"
"376";"102";"1";"1";"1";"35.628201";"139.738603";"???";"21-06-2015, 10:41 ??";NULL;NULL;NULL;"1434894093567"
"377";"137";"1";"2";"2";"35.6618855";"139.7922637";"????";"21-06-2015, 11:04 ??";NULL;NULL;NULL;"1434895467176"
"378";"105";"1";"2";"2";"35.7679716";"139.7892353";"Feeling OKAY";"22-06-2015, 12:06 AM";NULL;NULL;NULL;"1434899207597"
"379";"118";"1";"2";"2";"35.4642053";"139.3859633";"????";"22-06-2015, 12:29 ??";NULL;NULL;NULL;"1434900565434"
"380";"162";"1";"1";"1";"35.4663416";"139.3879799";"???";"22-06-2015, 1:20 ??";NULL;NULL;NULL;"1434903644890"
"381";"113";"1";"1";"2";"34.547733";"132.825457";"????";"22-06-2015, 6:06 ??";NULL;NULL;NULL;"1434920772631"
"382";"115";"1";"1";"1";"35.499205";"139.4084133";"???";"22-06-2015, 6:15 ??";NULL;NULL;NULL;"1434921327002"
"383";"157";"1";"1";"1";"34.8617625";"135.6751997";"???";"22-06-2015, 6:24 ??";NULL;NULL;NULL;"1434921853787"
"384";"115";"1";"1";"1";"35.5014258";"139.4104471";"???";"22-06-2015, 6:31 ??";NULL;NULL;NULL;"1434922308233"
"385";"163";"1";"1";"1";"33.377433";"130.5222676";"???";"22-06-2015, 6:38 ??";NULL;NULL;NULL;"1434922733410"
"386";"163";"1";"1";"1";"33.377433";"130.5222676";"???";"22-06-2015, 6:38 ??";NULL;NULL;NULL;"1434922733410"
"387";"162";"1";"1";"1";"35.4525751";"139.3922365";"???";"22-06-2015, 6:52 ??";NULL;NULL;NULL;"1434923542788"
"388";"118";"1";"2";"2";"35.4538676";"139.3942549";"????";"22-06-2015, 6:52 ??";NULL;NULL;NULL;"1434923554464"
"389";"121";"1";"1";"2";"35.6486737";"139.7523292";"????";"22-06-2015, 6:55 ??";NULL;NULL;NULL;"1434923742525"
"390";"157";"1";"1";"1";"34.694244";"135.5271959";"???";"22-06-2015, 7:14 ??";NULL;NULL;NULL;"1434924842570"
"391";"164";"1";"2";"2";"35.6483683";"139.7523588";"????";"22-06-2015, 7:14 ??";NULL;NULL;NULL;"1434924876829"
"392";"152";"1";"1";"1";"35.4609535";"139.328138";"???";"22-06-2015, 7:19 ??";NULL;NULL;NULL;"1434925195590"
"393";"156";"1";"3";"3";"35.6968076";"139.603676";"?????";"22-06-2015, 7:44 ??";NULL;NULL;NULL;"1434926647384"
"394";"133";"1";"1";"1";"43.1051617";"141.3898266";"???";"22-06-2015, 7:45 ??";NULL;NULL;NULL;"1434926706070"
"395";"133";"1";"2";"2";"43.1041326";"141.3898947";"????";"22-06-2015, 7:46 ??";NULL;NULL;NULL;"1434926803210"
"396";"156";"1";"2";"3";"35.6957161";"139.6067167";"?????";"22-06-2015, 7:49 ??";NULL;NULL;NULL;"1434926966952"
"397";"165";"1";"2";"2";"35.7338429";"139.8206448";"????";"22-06-2015, 8:24 AM";NULL;NULL;NULL;"1434929050772"
"398";"102";"1";"3";"3";"35.651279";"140.041265";"?????";"22-06-2015, 8:55 ??";NULL;NULL;NULL;"1434930902163"
"399";"105";"1";"3";"3";"35.7481045";"139.8047397";"Feeling SAD";"22-06-2015, 9:20 AM";NULL;NULL;NULL;"1434932441873"
"400";"145";"1";"2";"2";"36.7122431";"139.7344923";"????";"22-06-2015, 10:03 ??";NULL;NULL;NULL;"1434935002636"
"401";"140";"1";"2";"2";"36.0251821";"139.5957523";"????";"22-06-2015, 10:12 ??";NULL;NULL;NULL;"1434935534364"
"402";"167";"1";"2";"2";"35.680504";"139.7616298";"????";"22-06-2015, 10:19 ??";NULL;NULL;NULL;"1434935990342"
"403";"165";"1";"1";"1";"35.6894868";"139.813351";"???";"22-06-2015, 10:29 AM";NULL;NULL;NULL;"1434936549007"
"404";"168";"1";"1";"2";"40.6464167";"140.5242354";"????";"22-06-2015, 10:34 ??";NULL;NULL;NULL;"1434936850677"
"405";"115";"1";"1";"1";"35.6567999";"139.7806634";"???";"22-06-2015, 11:17 ??";NULL;NULL;NULL;"1434939468813"
"406";"169";"1";"1";"1";"34.5225148";"135.6093514";"???";"22-06-2015, 11:36 ??";NULL;NULL;NULL;"1434940587930"
"407";"110";"1";"1";"1";"43.0904558";"141.5304758";"???";"22-06-2015, 11:44 ??";NULL;NULL;NULL;"1434941098578"
"408";"169";"1";"3";"3";"34.4897826";"135.6106667";"?????";"22-06-2015, 12:15 ??";NULL;NULL;NULL;"1434942905730"
"409";"123";"1";"3";"3";"34.4163985";"132.4527386";"?????";"22-06-2015, 12:16 ??";NULL;NULL;NULL;"1434943015907"
"410";"137";"1";"2";"2";"35.6561859";"139.7974553";"????";"22-06-2015, 12:18 ??";NULL;NULL;NULL;"1434943130154"
"411";"163";"1";"1";"1";"33.2053005";"130.3734376";"???";"22-06-2015, 12:35 ??";NULL;NULL;NULL;"1434944158731"
"412";"170";"1";"2";"2";"33.1603538";"129.8976329";"????";"22-06-2015, 12:39 ??";NULL;NULL;NULL;"1434944399150"
"413";"157";"1";"1";"1";"34.6908772";"135.5011654";"???";"22-06-2015, 12:50 ??";NULL;NULL;NULL;"1434945018482"
"414";"131";"1";"1";"1";"37.7916436";"139.1157939";"???";"22-06-2015, 12:52 ??";NULL;NULL;NULL;"1434945169674"
"415";"107";"1";"2";"2";"35.7971871";"139.9115126";"????";"22-06-2015, 1:21 ??";NULL;NULL;NULL;"1434946878569"
"416";"105";"1";"1";"1";"35.7276236";"139.7102688";"Feeling HAPPY";"22-06-2015, 1:23 PM";NULL;NULL;NULL;"1434946982707"
"417";"104";"1";"1";"1";"36.4590811";"136.508483";"???";"22-06-2015, 1:32 ??";NULL;NULL;NULL;"1434947561950"
"418";"105";"1";"2";"2";"35.7283544";"139.7120618";"Feeling OKAY";"22-06-2015, 1:36 PM";NULL;NULL;NULL;"1434947788847"
"419";"171";"1";"1";"1";"35.6739508";"139.7681879";"???";"22-06-2015, 1:53 ??";NULL;NULL;NULL;"1434948785012"
"420";"118";"1";"2";"2";"35.6968189";"139.8134945";"????";"22-06-2015, 1:56 ??";NULL;NULL;NULL;"1434948975087"
"421";"162";"1";"2";"2";"35.6962693";"139.8160327";"????";"22-06-2015, 1:56 ??";NULL;NULL;NULL;"1434949006466"
"422";"104";"1";"1";"1";"36.4683133";"136.5433657";"???";"22-06-2015, 2:10 ??";NULL;NULL;NULL;"1434949834016"
"423";"126";"1";"1";"1";"34.7107042";"135.5093312";"???";"22-06-2015, 2:40 ??";NULL;NULL;NULL;"1434951616721"
"424";"137";"1";"2";"2";"35.6619029";"139.79223";"????";"22-06-2015, 2:48 ??";NULL;NULL;NULL;"1434952130301"
"425";"115";"1";"2";"2";"35.6810939";"139.6863316";"????";"22-06-2015, 3:30 ??";NULL;NULL;NULL;"1434954658799"
"426";"115";"1";"1";"1";"35.673703";"139.6678967";"???";"22-06-2015, 3:31 ??";NULL;NULL;NULL;"1434954716741"
"427";"167";"1";"3";"1";"35.7131687";"139.92334";"???";"22-06-2015, 3:55 ??";NULL;NULL;NULL;"1434956157445"
"428";"125";"1";"1";"1";"35.0098977";"136.8935585";"???";"22-06-2015, 4:47 ??";NULL;NULL;NULL;"1434959237804"
"429";"164";"1";"2";"2";"35.6484769";"139.750788";"????";"22-06-2015, 5:03 ??";NULL;NULL;NULL;"1434960237052"
"430";"169";"1";"1";"1";"34.5004472";"135.6058455";"???";"22-06-2015, 5:05 ??";NULL;NULL;NULL;"1434960335782"
"431";"169";"1";"1";"1";"34.5014084";"135.6083832";"???";"22-06-2015, 5:08 ??";NULL;NULL;NULL;"1434960490044"
"432";"140";"1";"1";"1";"36.0296114";"139.5708181";"???";"22-06-2015, 5:18 ??";NULL;NULL;NULL;"1434961080893"
"433";"163";"1";"1";"1";"33.2067668";"130.3799067";"???";"22-06-2015, 5:34 ??";NULL;NULL;NULL;"1434962081957"
"434";"125";"1";"2";"2";"34.9681778";"136.9057932";"????";"22-06-2015, 5:53 ??";NULL;NULL;NULL;"1434963194291"
"435";"123";"1";"2";"2";"34.3921119";"132.4735212";"????";"22-06-2015, 5:55 ??";NULL;NULL;NULL;"1434963316652"
"437";"165";"1";"2";"2";"35.6862673";"139.8001471";"????";"22-06-2015, 6:04 PM";NULL;NULL;NULL;"1434963880171"
"438";"162";"1";"2";"2";"35.6453449";"139.7479296";"????";"22-06-2015, 6:25 ??";NULL;NULL;NULL;"1434965154163"
"439";"118";"1";"1";"1";"35.6409014";"139.7439966";"???";"22-06-2015, 6:26 ??";NULL;NULL;NULL;"1434965210138"
"440";"118";"1";"1";"1";"35.4618775";"139.6171528";"???";"22-06-2015, 6:27 ??";NULL;NULL;NULL;"1434965222715"
"441";"123";"1";"2";"2";"34.3867256";"132.4643189";"????";"22-06-2015, 6:28 ??";NULL;NULL;NULL;"1434965307030"
"442";"105";"1";"2";"2";"35.7679883";"139.7892378";"Feeling OKAY";"22-06-2015, 6:52 PM";NULL;NULL;NULL;"1434966751192"
"443";"126";"1";"2";"2";"34.7110884";"135.5113539";"????";"22-06-2015, 7:39 ??";NULL;NULL;NULL;"1434969575865"
"444";"140";"1";"2";"2";"36.0545088";"139.5378846";"????";"22-06-2015, 7:49 ??";NULL;NULL;NULL;"1434970147022"
"445";"169";"1";"3";"3";"34.5225109";"135.6093603";"?????";"22-06-2015, 8:45 ??";NULL;NULL;NULL;"1434973559779"
"446";"164";"1";"2";"2";"35.6841978";"139.8452059";"????";"22-06-2015, 9:05 ??";NULL;NULL;NULL;"1434974733414"
"447";"169";"1";"3";"3";"34.6571526";"135.5439305";"?????";"22-06-2015, 9:38 ??";NULL;NULL;NULL;"1434976706302"
"448";"156";"1";"3";"3";"35.7014214";"139.5980081";"?????";"22-06-2015, 9:45 ??";NULL;NULL;NULL;"1434977128501"
"449";"180";"1";"2";"1";"36.1368646";"137.955912";"???";"22-06-2015, 9:46 ??";NULL;NULL;NULL;"1434977202389"
"450";"181";"1";"1";"1";"36.1368646";"137.955912";"???";"22-06-2015, 9:49 ??";NULL;NULL;NULL;"1434977364610"
"451";"167";"1";"2";"1";"35.6686175";"140.0401664";"???";"22-06-2015, 10:45 ??";NULL;NULL;NULL;"1434980714210"
"452";"123";"1";"2";"2";"34.3852289";"132.442311";"????";"22-06-2015, 10:52 ??";NULL;NULL;NULL;"1434981176567"
"453";"107";"1";"1";"1";"35.7962608";"139.9152149";"???";"22-06-2015, 11:49 ??";NULL;NULL;NULL;"1434984562471"
"454";"184";"1";"2";"2";"34.6859335";"135.5148707";"????";"23-06-2015, 12:50 ??";NULL;NULL;NULL;"1434988259004"
"455";"165";"1";"2";"2";"35.9688483";"139.7673177";"????";"23-06-2015, 4:03 AM";NULL;NULL;NULL;"1434999811968"
"456";"164";"1";"2";"3";"35.6886323";"139.8452935";"?????";"23-06-2015, 5:39 ??";NULL;NULL;NULL;"1435005575157"
"457";"164";"1";"1";"3";"35.6900519";"139.8461445";"?????";"23-06-2015, 5:42 ??";NULL;NULL;NULL;"1435005769686"
"458";"185";"1";"2";"3";"35.8376043";"139.6786237";"?????";"23-06-2015, 6:16 ??";NULL;NULL;NULL;"1435007805712"
"459";"163";"1";"2";"2";"33.4020083";"130.5276995";"????";"23-06-2015, 6:27 ??";NULL;NULL;NULL;"1435008459597"
"460";"162";"1";"1";"1";"35.4536239";"139.3921768";"???";"23-06-2015, 6:48 ??";NULL;NULL;NULL;"1435009710298"
"461";"186";"1";"2";"2";"34.3708859";"134.6296029";"????";"23-06-2015, 6:48 ??";NULL;NULL;NULL;"1435009728490"
"462";"163";"1";"1";"1";"33.3651365";"130.5095255";"???";"23-06-2015, 6:49 ??";NULL;NULL;NULL;"1435009745688"
"463";"118";"1";"2";"2";"35.4535712";"139.3921175";"????";"23-06-2015, 6:48 ??";NULL;NULL;NULL;"1435009726479"
"464";"125";"1";"1";"1";"34.9734807";"136.9122249";"???";"23-06-2015, 7:02 ??";NULL;NULL;NULL;"1435010546829"
"465";"125";"1";"1";"1";"34.9787849";"136.9092423";"???";"23-06-2015, 7:04 ??";NULL;NULL;NULL;"1435010660844"
"466";"123";"1";"2";"2";"34.3852943";"132.4609424";"????";"23-06-2015, 7:39 ??";NULL;NULL;NULL;"1435012764916"
"467";"157";"1";"1";"1";"34.8616788";"135.6752123";"???";"23-06-2015, 8:18 ??";NULL;NULL;NULL;"1435015099348"
"468";"118";"1";"2";"2";"35.6955871";"139.8150955";"????";"23-06-2015, 8:23 ??";NULL;NULL;NULL;"1435015396564"
"469";"165";"1";"3";"3";"35.6820322";"139.7994289";"?????";"23-06-2015, 8:34 AM";NULL;NULL;NULL;"1435016042142"
"470";"165";"1";"1";"1";"35.6828983";"139.7985288";"???";"23-06-2015, 8:34 AM";NULL;NULL;NULL;"1435016074307"
"471";"105";"1";"2";"2";"35.751076";"139.8048083";"Feeling OKAY";"23-06-2015, 9:01 AM";NULL;NULL;NULL;"1435017671536"
"472";"157";"1";"1";"1";"35.0037589";"135.7694636";"???";"23-06-2015, 9:09 ??";NULL;NULL;NULL;"1435018152143"
"473";"135";"1";"1";"1";"35.5836129";"139.7249219";"???";"23-06-2015, 9:22 ??";NULL;NULL;NULL;"1435018921372"
"474";"135";"1";"1";"1";"35.5355063";"139.7020126";"???";"23-06-2015, 9:25 ??";NULL;NULL;NULL;"1435019131804"
"475";"135";"1";"1";"1";"35.5307545";"139.6962653";"???";"23-06-2015, 9:27 ??";NULL;NULL;NULL;"1435019260894"
"476";"135";"1";"1";"1";"35.5242466";"139.6886322";"???";"23-06-2015, 9:28 ??";NULL;NULL;NULL;"1435019295497"
"477";"135";"1";"1";"1";"35.5206635";"139.6845431";"???";"23-06-2015, 9:28 ??";NULL;NULL;NULL;"1435019335047"
"478";"164";"1";"2";"2";"35.6482228";"139.752285";"????";"23-06-2015, 9:46 ??";NULL;NULL;NULL;"1435020373463"
"479";"105";"1";"2";"2";"35.7278409";"139.7103599";"Feeling OKAY";"23-06-2015, 9:49 AM";NULL;NULL;NULL;"1435020584594"
"480";"137";"1";"2";"2";"35.6960681";"139.7508701";"????";"23-06-2015, 10:47 ??";NULL;NULL;NULL;"1435024078286"
"481";"137";"1";"3";"3";"35.6909088";"139.7574743";"?????";"23-06-2015, 10:48 ??";NULL;NULL;NULL;"1435024109862"
"482";"162";"1";"3";"2";"35.6945651";"139.8240997";"????";"23-06-2015, 10:50 ??";NULL;NULL;NULL;"1435024216318"
"483";"118";"1";"3";"1";"35.6945987";"139.8239389";"???";"23-06-2015, 11:23 ??";NULL;NULL;NULL;"1435026221965"
"484";"189";"1";"1";"1";"34.6327869";"135.5287295";"???";"23-06-2015, 11:50 ??";NULL;NULL;NULL;"1435027821036"
"485";"144";"1";"1";"1";"35.7015524";"139.697899";"???";"23-06-2015, 12:26 PM";NULL;NULL;NULL;"1435029964016"
"486";"123";"1";"1";"1";"34.3867391";"132.4642533";"???";"23-06-2015, 12:26 ??";NULL;NULL;NULL;"1435030004675"
"487";"136";"1";"1";"1";"35.4743208";"139.6296851";"???";"23-06-2015, 12:28 ??";NULL;NULL;NULL;"1435030087425"
"488";"166";"1";"1";"1";"36.6499771";"139.0579444";"???";"23-06-2015, 12:35 PM";NULL;NULL;NULL;"1435030520871"
"489";"181";"1";"1";"1";"36.117001";"137.9434602";"???";"23-06-2015, 12:36 ??";NULL;NULL;NULL;"1435030599403"
"490";"165";"1";"1";"1";"35.686256";"139.8001218";"???";"23-06-2015, 12:40 PM";NULL;NULL;NULL;"1435030826179"
"491";"167";"1";"1";"1";"35.8107493";"139.9174531";"???";"23-06-2015, 12:42 ??";NULL;NULL;NULL;"1435030921367"
"492";"163";"1";"1";"1";"33.2053006";"130.3734376";"???";"23-06-2015, 12:58 ??";NULL;NULL;NULL;"1435031937410"
"493";"104";"1";"3";"3";"36.4775323";"136.5035564";"?????";"23-06-2015, 12:59 ??";NULL;NULL;NULL;"1435031954000"
"494";"118";"1";"1";"1";"35.6944501";"139.8263639";"???";"23-06-2015, 1:10 ??";NULL;NULL;NULL;"1435032601967"
"495";"107";"1";"1";"1";"35.8003385";"139.9115738";"???";"23-06-2015, 1:29 ??";NULL;NULL;NULL;"1435033758731"
"496";"167";"1";"3";"1";"35.7977478";"139.9158853";"???";"23-06-2015, 2:07 ??";NULL;NULL;NULL;"1435036039379"
"497";"113";"1";"2";"1";"34.4276458";"132.7487966";"???";"23-06-2015, 2:08 ??";NULL;NULL;NULL;"1435036136369"
"498";"191";"1";"1";"1";"35.6944884";"139.8240605";"???";"23-06-2015, 2:28 ??";NULL;NULL;NULL;"1435037337952"
"499";"192";"1";"2";"2";"35.4158098";"139.632581";"????";"23-06-2015, 3:03 ??";NULL;NULL;NULL;"1435039423036"
"500";"163";"1";"2";"2";"33.2099242";"130.4379154";"????";"23-06-2015, 3:52 ??";NULL;NULL;NULL;"1435042364865"
"501";"163";"1";"1";"1";"33.2101887";"130.4409506";"???";"23-06-2015, 3:54 ??";NULL;NULL;NULL;"1435042484061"
"502";"163";"1";"2";"2";"33.2100074";"130.4422782";"????";"23-06-2015, 3:54 ??";NULL;NULL;NULL;"1435042493350"
"503";"163";"1";"2";"2";"33.2102079";"130.4433674";"????";"23-06-2015, 3:55 ??";NULL;NULL;NULL;"1435042506268"
"504";"163";"1";"2";"1";"33.2099243";"130.4452506";"???";"23-06-2015, 3:55 ??";NULL;NULL;NULL;"1435042516818"
"505";"163";"1";"2";"1";"33.2099243";"130.4452506";"???";"23-06-2015, 3:55 ??";NULL;NULL;NULL;"1435042516818"
"506";"163";"1";"2";"2";"33.2096986";"130.4475199";"????";"23-06-2015, 3:55 ??";NULL;NULL;NULL;"1435042533438"
"507";"163";"1";"1";"1";"33.2097183";"130.4494582";"???";"23-06-2015, 3:56 ??";NULL;NULL;NULL;"1435042565347"
"508";"185";"1";"3";"2";"36.1971646";"139.2666853";"????";"23-06-2015, 3:57 ??";NULL;NULL;NULL;"1435042637631"
"509";"125";"1";"1";"1";"34.9638052";"136.9152927";"???";"23-06-2015, 4:09 ??";NULL;NULL;NULL;"1435043346644"
"510";"167";"1";"3";"1";"35.6692765";"140.0396047";"???";"23-06-2015, 4:25 ??";NULL;NULL;NULL;"1435044307411"
"511";"136";"1";"2";"2";"35.5295176";"139.6969003";"????";"23-06-2015, 4:52 ??";NULL;NULL;NULL;"1435045954521"
"512";"104";"1";"2";"2";"36.564522";"136.5812588";"????";"23-06-2015, 5:00 ??";NULL;NULL;NULL;"1435046414306"
"513";"164";"1";"1";"1";"35.6481666";"139.750542";"???";"23-06-2015, 5:05 ??";NULL;NULL;NULL;"1435046711010"
"514";"189";"1";"2";"1";"34.6235757";"135.5572654";"???";"23-06-2015, 5:39 ??";NULL;NULL;NULL;"1435048742510"
"515";"189";"1";"1";"1";"34.6250568";"135.5561317";"???";"23-06-2015, 5:40 ??";NULL;NULL;NULL;"1435048812467"
"516";"123";"1";"3";"3";"34.379086";"132.4844075";"?????";"23-06-2015, 5:47 ??";NULL;NULL;NULL;"1435049248258"
"517";"157";"1";"2";"2";"34.8613027";"135.6757647";"????";"23-06-2015, 5:54 ??";NULL;NULL;NULL;"1435049683342"
"518";"162";"1";"2";"2";"35.6560902";"139.6973534";"????";"23-06-2015, 6:09 ??";NULL;NULL;NULL;"1435050544190"
"519";"118";"1";"3";"1";"35.656091";"139.6973596";"???";"23-06-2015, 6:09 ??";NULL;NULL;NULL;"1435050559110"
"520";"165";"1";"1";"1";"35.6619418";"139.7869213";"???";"23-06-2015, 6:20 PM";NULL;NULL;NULL;"1435051213215"
"521";"107";"1";"2";"2";"35.7710018";"139.8431495";"????";"23-06-2015, 6:54 ??";NULL;NULL;NULL;"1435053293597"
"522";"101";"1";"1";"1";"35.6927575";"139.7588181";"Feeling HAPPY";"23-06-2015, 7:04 PM";NULL;NULL;NULL;"1435053858477"
"523";"131";"1";"2";"2";"37.861573";"139.1234092";"????";"23-06-2015, 7:07 ??";NULL;NULL;NULL;"1435054039646"
"524";"181";"1";"1";"1";"36.1366798";"137.9560827";"???";"23-06-2015, 7:52 ??";NULL;NULL;NULL;"1435056759461"
"525";"107";"1";"1";"1";"35.7696214";"139.8452612";"???";"23-06-2015, 8:31 ??";NULL;NULL;NULL;"1435059090595"
"526";"113";"1";"2";"2";"34.554492";"132.8634026";"????";"23-06-2015, 8:41 ??";NULL;NULL;NULL;"1435059705836"
"527";"156";"1";"3";"3";"35.7035542";"139.5982514";"?????";"23-06-2015, 9:05 ??";NULL;NULL;NULL;"1435061117175"
"528";"125";"1";"1";"3";"34.9682895";"136.9057448";"?????";"23-06-2015, 9:06 ??";NULL;NULL;NULL;"1435061210379"
"529";"164";"1";"3";"3";"35.6842268";"139.8451974";"?????";"23-06-2015, 9:19 ??";NULL;NULL;NULL;"1435061970669"
"530";"136";"1";"2";"2";"35.4634001";"139.624676";"????";"23-06-2015, 10:01 ??";NULL;NULL;NULL;"1435064510172"
"531";"189";"1";"1";"1";"34.6239192";"135.5585085";"???";"23-06-2015, 10:40 ??";NULL;NULL;NULL;"1435066811386"
"532";"107";"1";"3";"1";"35.7963172";"139.9152846";"???";"23-06-2015, 11:08 ??";NULL;NULL;NULL;"1435068506101"
"533";"135";"1";"1";"2";"35.6774393";"139.7731081";"????";"23-06-2015, 11:29 ??";NULL;NULL;NULL;"1435069744604"
"534";"135";"1";"1";"1";"35.6753265";"139.7720248";"???";"23-06-2015, 11:43 ??";NULL;NULL;NULL;"1435070600970"
"535";"164";"1";"3";"1";"35.688472";"139.8448405";"???";"24-06-2015, 5:37 ??";NULL;NULL;NULL;"1435091820207"
"536";"162";"1";"3";"1";"35.4578443";"139.3920455";"???";"24-06-2015, 6:45 ??";NULL;NULL;NULL;"1435095907666"
"537";"162";"1";"1";"1";"35.456797";"139.3919194";"???";"24-06-2015, 6:45 ??";NULL;NULL;NULL;"1435095936646"
"538";"157";"1";"2";"2";"34.6900777";"135.5118359";"????";"24-06-2015, 7:20 ??";NULL;NULL;NULL;"1435098053797"
"539";"185";"1";"1";"2";"35.6894443";"139.7080824";"????";"24-06-2015, 7:28 ??";NULL;NULL;NULL;"1435098497416"
"540";"165";"1";"3";"1";"35.9649156";"139.7675137";"???";"24-06-2015, 7:33 AM";NULL;NULL;NULL;"1435098811570"
"541";"125";"1";"2";"1";"34.9735033";"136.9122733";"???";"24-06-2015, 7:49 ??";NULL;NULL;NULL;"1435099749389"
"542";"193";"1";"2";"2";"35.8441938";"139.8004344";"????";"24-06-2015, 8:04 ??";NULL;NULL;NULL;"1435100682522"
"543";"137";"1";"2";"2";"35.6618936";"139.7922603";"????";"24-06-2015, 9:09 ??";NULL;NULL;NULL;"1435104580132"
"544";"195";"1";"1";"1";"38.4298028";"141.269788";"???";"24-06-2015, 10:25 ??";NULL;NULL;NULL;"1435109150895"
"545";"162";"1";"1";"1";"35.6946082";"139.8239926";"???";"24-06-2015, 11:10 ??";NULL;NULL;NULL;"1435111830157"
"546";"181";"1";"1";"1";"36.1169946";"137.9434772";"???";"24-06-2015, 11:33 ??";NULL;NULL;NULL;"1435113216772"
"547";"165";"1";"1";"1";"35.6602545";"139.7330404";"???";"24-06-2015, 11:44 AM";NULL;NULL;NULL;"1435113856533"
"548";"165";"1";"1";"1";"35.6647277";"139.731075";"???";"24-06-2015, 11:44 AM";NULL;NULL;NULL;"1435113884094"
"549";"125";"1";"1";"1";"34.9659889";"136.9057468";"???";"24-06-2015, 11:49 ??";NULL;NULL;NULL;"1435114160235"
"550";"110";"1";"1";"1";"43.0696594";"141.2838462";"???";"24-06-2015, 11:58 ??";NULL;NULL;NULL;"1435114680289"
"551";"136";"1";"2";"2";"35.4696081";"139.5415847";"????";"24-06-2015, 11:58 ??";NULL;NULL;NULL;"1435114689990"
"552";"164";"1";"2";"2";"35.648268";"139.7521436";"????";"24-06-2015, 12:05 ??";NULL;NULL;NULL;"1435115152420"
"553";"157";"1";"1";"1";"34.6907689";"135.5010704";"???";"24-06-2015, 1:13 ??";NULL;NULL;NULL;"1435119224532"
"554";"126";"1";"3";"3";"34.7152387";"135.5099531";"?????";"24-06-2015, 1:21 ??";NULL;NULL;NULL;"1435119696385"
"555";"185";"1";"2";"1";"35.6834498";"139.6536891";"???";"24-06-2015, 1:34 ??";NULL;NULL;NULL;"1435120477455"
"556";"110";"1";"1";"1";"43.052138";"141.4719937";"???";"24-06-2015, 2:02 ??";NULL;NULL;NULL;"1435122144689"
"557";"167";"1";"2";"1";"35.7190573";"139.9333667";"???";"24-06-2015, 2:45 ??";NULL;NULL;NULL;"1435124743904"
"558";"162";"1";"1";"1";"35.872236";"139.5128624";"???";"24-06-2015, 4:16 ??";NULL;NULL;NULL;"1435130167622"
"559";"137";"1";"2";"2";"35.6624843";"139.7820069";"????";"24-06-2015, 5:25 ??";NULL;NULL;NULL;"1435134317297"
"560";"167";"1";"1";"1";"35.8051037";"139.9055193";"???";"24-06-2015, 5:34 ??";NULL;NULL;NULL;"1435134840221"
"561";"137";"1";"1";"1";"35.6566058";"139.7914183";"???";"24-06-2015, 5:56 ??";NULL;NULL;NULL;"1435136209456"
"562";"107";"1";"1";"1";"35.7711217";"139.8430861";"???";"24-06-2015, 5:58 ??";NULL;NULL;NULL;"1435136318943"
"563";"126";"1";"2";"2";"34.7111008";"135.5113885";"????";"24-06-2015, 6:06 ??";NULL;NULL;NULL;"1435136761129"
"564";"125";"1";"1";"1";"34.9683949";"136.9056708";"???";"24-06-2015, 6:13 ??";NULL;NULL;NULL;"1435137193788"
"565";"181";"1";"2";"2";"36.1361117";"137.9557249";"????";"24-06-2015, 6:18 ??";NULL;NULL;NULL;"1435137512071"
"566";"165";"1";"1";"1";"35.6300435";"139.7887216";"???";"24-06-2015, 6:46 PM";NULL;NULL;NULL;"1435139179316"
"567";"195";"1";"2";"2";"38.4396122";"141.2330422";"????";"24-06-2015, 6:52 ??";NULL;NULL;NULL;"1435139575044"
"568";"193";"1";"2";"2";"35.8463539";"139.7990731";"????";"24-06-2015, 7:30 ??";NULL;NULL;NULL;"1435141814271"
"569";"193";"1";"2";"1";"35.8740223";"139.7899622";"???";"24-06-2015, 7:32 ??";NULL;NULL;NULL;"1435141955241"
"570";"164";"1";"2";"2";"35.6842191";"139.845197";"????";"24-06-2015, 8:24 ??";NULL;NULL;NULL;"1435145085919"
"571";"198";"1";"1";"1";"35.0182362";"136.1303896";"???";"24-06-2015, 8:29 ??";NULL;NULL;NULL;"1435145397655"
"572";"169";"1";"3";"3";"34.5254824";"135.6045325";"?????";"24-06-2015, 9:15 ??";NULL;NULL;NULL;"1435148125669"
"573";"163";"1";"2";"2";"33.4034949";"130.5157016";"????";"24-06-2015, 9:19 ??";NULL;NULL;NULL;"1435148394366"
"574";"167";"1";"3";"1";"35.6686749";"140.0400732";"???";"24-06-2015, 9:39 ??";NULL;NULL;NULL;"1435149545624"
"575";"123";"1";"1";"1";"34.3853958";"132.441875";"???";"24-06-2015, 9:45 ??";NULL;NULL;NULL;"1435149909339"
"576";"136";"1";"1";"1";"35.4671225";"139.6243604";"???";"24-06-2015, 10:14 ??";NULL;NULL;NULL;"1435151678152"
"577";"200";"1";"2";"2";"35.6807936";"139.4086368";"????";"24-06-2015, 10:19 PM";NULL;NULL;NULL;"1435151993965"
"578";"107";"1";"1";"1";"35.7962997";"139.9152709";"???";"24-06-2015, 10:29 ??";NULL;NULL;NULL;"1435152596482"
"579";"135";"1";"1";"1";"35.7584891";"139.6286864";"???";"25-06-2015, 12:08 ??";NULL;NULL;NULL;"1435158491315"
"580";"135";"1";"2";"2";"35.72365";"139.683198";"????";"25-06-2015, 12:09 ??";NULL;NULL;NULL;"1435158575085"
"581";"201";"1";"1";"1";"35.4489091";"139.3803648";"???";"25-06-2015, 12:49 ??";NULL;NULL;NULL;"1435160942044"
"582";"163";"1";"3";"1";"33.4058395";"130.5164704";"???";"25-06-2015, 4:44 ??";NULL;NULL;NULL;"1435175065050"
"583";"185";"1";"2";"2";"35.693025";"139.6968566";"????";"25-06-2015, 5:12 ??";NULL;NULL;NULL;"1435176749160"
"584";"165";"1";"2";"2";"35.9690305";"139.7670636";"????";"25-06-2015, 5:51 AM";NULL;NULL;NULL;"1435179086465"
"585";"137";"1";"2";"2";"35.6619328";"139.7922283";"????";"25-06-2015, 6:11 ??";NULL;NULL;NULL;"1435180271558"
"586";"125";"1";"2";"1";"34.973373";"136.9122555";"???";"25-06-2015, 7:48 ??";NULL;NULL;NULL;"1435186128072"
"587";"195";"1";"1";"1";"38.2231486";"140.951104";"???";"25-06-2015, 8:10 ??";NULL;NULL;NULL;"1435187406018"
"588";"195";"1";"1";"1";"38.2736631";"140.9835016";"???";"25-06-2015, 8:14 ??";NULL;NULL;NULL;"1435187662038"
"589";"195";"1";"1";"1";"38.2782544";"140.9910214";"???";"25-06-2015, 8:19 ??";NULL;NULL;NULL;"1435187954008"
"590";"135";"1";"1";"1";"35.6774614";"139.7731036";"???";"25-06-2015, 8:22 ??";NULL;NULL;NULL;"1435188165754"
"591";"165";"1";"1";"2";"35.9761853";"139.7501119";"????";"25-06-2015, 8:23 AM";NULL;NULL;NULL;"1435188205213"
"592";"193";"1";"1";"1";"35.8587784";"139.8692274";"???";"25-06-2015, 8:55 ??";NULL;NULL;NULL;"1435190139818"
"593";"181";"1";"1";"1";"36.2490761";"137.978229";"???";"25-06-2015, 9:00 ??";NULL;NULL;NULL;"1435190417316"
"594";"189";"1";"1";"1";"34.6065463";"135.5731812";"???";"25-06-2015, 9:24 ??";NULL;NULL;NULL;"1435191858313"
"595";"197";"1";"2";"2";"35.4018647";"139.5731687";"Feeling OKAY";"25-06-2015, 10:47 AM";NULL;NULL;NULL;"1435196820582"
"596";"181";"1";"2";"2";"36.1170272";"137.9435259";"????";"25-06-2015, 12:23 ??";NULL;NULL;NULL;"1435202615622"
"597";"166";"1";"2";"1";"36.3296374";"139.100153";"???";"25-06-2015, 12:29 PM";NULL;NULL;NULL;"1435202966663"
"598";"125";"1";"2";"1";"34.9681805";"136.9057909";"???";"25-06-2015, 12:44 ??";NULL;NULL;NULL;"1435203860068"
"599";"203";"1";"1";"1";"35.6935256";"139.7578085";"Feeling HAPPY";"25-06-2015, 12:55 PM";NULL;NULL;NULL;"1435204559869"
"600";"156";"1";"1";"3";"35.6975703";"139.599134";"?????";"25-06-2015, 12:56 ??";NULL;NULL;NULL;"1435204583261"
"601";"185";"1";"2";"2";"36.1997034";"139.1404198";"????";"25-06-2015, 1:12 ??";NULL;NULL;NULL;"1435205544156"
"602";"189";"1";"1";"1";"34.6235058";"135.5586924";"???";"25-06-2015, 2:55 ??";NULL;NULL;NULL;"1435211749052"
"603";"197";"1";"2";"2";"35.4038254";"139.5726332";"Feeling OKAY";"25-06-2015, 3:13 PM";NULL;NULL;NULL;"1435212800261"
"604";"167";"1";"1";"1";"35.643607";"139.9046377";"???";"25-06-2015, 4:12 ??";NULL;NULL;NULL;"1435216351630"
"605";"104";"1";"1";"1";"36.444499";"136.5046906";"???";"25-06-2015, 5:04 ??";NULL;NULL;NULL;"1435219482092"
"606";"165";"1";"2";"2";"35.6965975";"139.7749447";"????";"25-06-2015, 5:16 PM";NULL;NULL;NULL;"1435220211743"
"607";"165";"1";"1";"1";"35.6921428";"139.782561";"???";"25-06-2015, 5:17 PM";NULL;NULL;NULL;"1435220263780"
"608";"206";"1";"3";"3";"34.5012314";"135.4359198";"?????";"25-06-2015, 5:23 ??";NULL;NULL;NULL;"1435220628263"
"609";"197";"1";"2";"2";"35.4009746";"139.57042";"Feeling OKAY";"25-06-2015, 5:28 PM";NULL;NULL;NULL;"1435220881522"
"610";"104";"1";"1";"1";"36.4584245";"136.508275";"???";"25-06-2015, 5:33 ??";NULL;NULL;NULL;"1435221198833"
"611";"163";"1";"1";"1";"33.2070715";"130.3802248";"???";"25-06-2015, 5:38 ??";NULL;NULL;NULL;"1435221527998"
"612";"163";"1";"1";"1";"33.2063015";"130.3808228";"???";"25-06-2015, 5:39 ??";NULL;NULL;NULL;"1435221550297"
"613";"107";"1";"2";"2";"35.7988372";"139.9143444";"????";"25-06-2015, 5:37 ??";NULL;NULL;NULL;"1435221463758"
"614";"163";"1";"2";"1";"33.2075376";"130.3828389";"???";"25-06-2015, 5:40 ??";NULL;NULL;NULL;"1435221632537"
"615";"163";"1";"1";"1";"33.2086746";"130.3843166";"???";"25-06-2015, 5:40 ??";NULL;NULL;NULL;"1435221650919"
"616";"163";"1";"3";"1";"33.2093289";"130.3870944";"???";"25-06-2015, 5:41 ??";NULL;NULL;NULL;"1435221716037"
"617";"156";"1";"3";"3";"35.7021886";"139.6005467";"?????";"25-06-2015, 6:19 ??";NULL;NULL;NULL;"1435223976575"
"618";"156";"1";"2";"3";"35.7011403";"139.5994896";"?????";"25-06-2015, 6:23 ??";NULL;NULL;NULL;"1435224224069"
"619";"189";"1";"2";"1";"34.6347864";"135.5279868";"???";"25-06-2015, 6:56 ??";NULL;NULL;NULL;"1435226211487"
"620";"189";"1";"2";"1";"34.6318169";"135.5236639";"???";"25-06-2015, 7:00 ??";NULL;NULL;NULL;"1435226450791"
"621";"137";"1";"2";"2";"35.6591605";"139.7918285";"????";"25-06-2015, 7:45 ??";NULL;NULL;NULL;"1435229152592"
"622";"181";"1";"1";"1";"36.1397731";"137.9544425";"???";"25-06-2015, 8:35 ??";NULL;NULL;NULL;"1435232103285"
"623";"208";"1";"2";"2";"35.6981016";"139.7749419";"????";"25-06-2015, 8:45 ??";NULL;NULL;NULL;"1435232755070"
"624";"195";"1";"1";"1";"38.3105122";"140.9774578";"???";"25-06-2015, 8:57 ??";NULL;NULL;NULL;"1435233440674"
"625";"185";"1";"2";"1";"36.1904377";"139.1384712";"???";"25-06-2015, 9:05 ??";NULL;NULL;NULL;"1435233956012"
"626";"163";"1";"2";"1";"33.4032988";"130.5163231";"???";"25-06-2015, 9:51 ??";NULL;NULL;NULL;"1435236704792"
"627";"107";"1";"2";"2";"35.6851341";"139.7680632";"????";"25-06-2015, 10:04 ??";NULL;NULL;NULL;"1435237443528"
"628";"137";"1";"2";"2";"35.661906";"139.7922514";"????";"25-06-2015, 11:53 ??";NULL;NULL;NULL;"1435243998753"
"629";"107";"1";"2";"2";"35.7962764";"139.9152792";"????";"26-06-2015, 12:07 ??";NULL;NULL;NULL;"1435244876017"
"630";"103";"1";"1";"1";"35.8078607";"139.8952464";"???";"26-06-2015, 4:56 ??";NULL;NULL;NULL;"1435262161428"
"631";"135";"1";"2";"2";"35.6843066";"139.702098";"????";"26-06-2015, 5:34 ??";NULL;NULL;NULL;"1435264478088"
"632";"163";"1";"2";"2";"33.3733753";"130.5198102";"????";"26-06-2015, 6:46 ??";NULL;NULL;NULL;"1435268765190"
"633";"156";"1";"1";"3";"35.6953741";"139.6075415";"?????";"26-06-2015, 7:07 ??";NULL;NULL;NULL;"1435270075753"
"634";"185";"1";"2";"1";"36.193074";"139.1380583";"???";"26-06-2015, 7:19 ??";NULL;NULL;NULL;"1435270760879"
"635";"113";"1";"2";"2";"34.4466734";"132.828733";"????";"26-06-2015, 7:44 ??";NULL;NULL;NULL;"1435272271158"
"636";"189";"1";"1";"1";"34.5784964";"135.5966421";"???";"26-06-2015, 9:37 ??";NULL;NULL;NULL;"1435279026894"
"637";"107";"1";"3";"3";"35.8006433";"139.9123671";"?????";"26-06-2015, 10:13 ??";NULL;NULL;NULL;"1435281220582"
"638";"107";"1";"1";"1";"35.7419086";"139.780521";"???";"26-06-2015, 10:41 ??";NULL;NULL;NULL;"1435282876778"
"639";"107";"1";"1";"1";"35.7305816";"139.7114288";"???";"26-06-2015, 10:57 ??";NULL;NULL;NULL;"1435283858085"
"640";"189";"1";"1";"1";"34.6094557";"135.5490804";"???";"26-06-2015, 11:44 ??";NULL;NULL;NULL;"1435286649631"
"641";"189";"1";"1";"1";"34.618588";"135.5489347";"???";"26-06-2015, 11:47 ??";NULL;NULL;NULL;"1435286834632"
"642";"136";"1";"2";"2";"35.4628038";"139.5315736";"????";"26-06-2015, 11:55 ??";NULL;NULL;NULL;"1435287310008"
"643";"181";"1";"2";"2";"36.1313384";"137.9503045";"????";"26-06-2015, 12:27 ??";NULL;NULL;NULL;"1435289270687"
"644";"209";"1";"1";"1";"38.2624215";"140.8755577";"???";"26-06-2015, 12:39 ??";NULL;NULL;NULL;"1435289977152"
"645";"163";"1";"2";"2";"33.2052987";"130.373432";"????";"26-06-2015, 12:58 ??";NULL;NULL;NULL;"1435291129313"
"646";"126";"1";"3";"3";"34.7124329";"135.5088921";"?????";"26-06-2015, 1:44 ??";NULL;NULL;NULL;"1435293870716"
"647";"126";"1";"3";"3";"34.7138934";"135.5078895";"?????";"26-06-2015, 1:44 ??";NULL;NULL;NULL;"1435293885027"
"648";"113";"1";"1";"2";"34.5716564";"132.8269485";"????";"26-06-2015, 1:48 ??";NULL;NULL;NULL;"1435294137991"
"649";"113";"1";"1";"2";"34.5727001";"132.8277449";"????";"26-06-2015, 1:49 ??";NULL;NULL;NULL;"1435294197625"
"650";"126";"1";"3";"3";"34.7111011";"135.5114025";"?????";"26-06-2015, 2:08 ??";NULL;NULL;NULL;"1435295310698"
"651";"137";"1";"2";"2";"35.6675737";"139.7585357";"????";"26-06-2015, 2:15 ??";NULL;NULL;NULL;"1435295709323"
"652";"107";"1";"1";"1";"35.7965276";"139.9154473";"???";"26-06-2015, 3:01 ??";NULL;NULL;NULL;"1435298507199"
"653";"152";"1";"1";"1";"35.4678583";"139.5293946";"???";"26-06-2015, 4:36 ??";NULL;NULL;NULL;"1435304191362"
"654";"210";"1";"2";"2";"35.1523795";"136.9434624";"????";"26-06-2015, 4:53 ??";NULL;NULL;NULL;"1435305199644"
"655";"211";"1";"2";"1";"35.1855183";"136.9719526";"???";"26-06-2015, 5:03 ??";NULL;NULL;NULL;"1435305821714"
"656";"163";"1";"2";"2";"33.207223";"130.3826109";"????";"26-06-2015, 5:39 ??";NULL;NULL;NULL;"1435307995474"
"657";"189";"1";"1";"1";"34.6380896";"135.5373708";"???";"26-06-2015, 5:42 ??";NULL;NULL;NULL;"1435308166579"
"658";"185";"1";"1";"1";"36.1924628";"139.1359922";"???";"26-06-2015, 6:14 ??";NULL;NULL;NULL;"1435310087681"
"659";"135";"1";"2";"2";"34.9850063";"135.7579037";"????";"26-06-2015, 6:33 ??";NULL;NULL;NULL;"1435311206538"
"660";"135";"1";"2";"2";"34.9844803";"135.7588114";"????";"26-06-2015, 6:34 ??";NULL;NULL;NULL;"1435311261469"
"661";"189";"1";"1";"1";"34.6302249";"135.536719";"???";"26-06-2015, 6:55 ??";NULL;NULL;NULL;"1435312540397"
"662";"189";"1";"2";"1";"34.6299895";"135.5433308";"???";"26-06-2015, 6:56 ??";NULL;NULL;NULL;"1435312597475"
"663";"189";"1";"1";"1";"34.638959";"135.5350071";"???";"26-06-2015, 7:11 ??";NULL;NULL;NULL;"1435313471714"
"664";"113";"1";"2";"2";"34.5548878";"132.863636";"????";"26-06-2015, 7:22 ??";NULL;NULL;NULL;"1435314172055"
"665";"193";"1";"1";"1";"35.8585277";"139.868443";"???";"26-06-2015, 8:11 ??";NULL;NULL;NULL;"1435317092656"
"666";"210";"1";"2";"2";"35.1512701";"136.9450514";"????";"26-06-2015, 8:57 ??";NULL;NULL;NULL;"1435319862210"
"667";"156";"1";"2";"3";"35.701114";"139.6006138";"?????";"26-06-2015, 9:58 ??";NULL;NULL;NULL;"1435323498791"
"668";"136";"1";"2";"2";"35.4558539";"139.6128227";"????";"26-06-2015, 10:29 ??";NULL;NULL;NULL;"1435325372916"
"669";"135";"1";"1";"1";"35.7598327";"139.6216368";"???";"26-06-2015, 10:52 ??";NULL;NULL;NULL;"1435326743697"
"670";"189";"1";"1";"1";"34.6239023";"135.5585191";"???";"27-06-2015, 3:54 ??";NULL;NULL;NULL;"1435344886504"
"671";"152";"1";"1";"1";"35.4609025";"139.3280184";"???";"27-06-2015, 7:48 ??";NULL;NULL;NULL;"1435358924871"
"672";"110";"1";"1";"1";"43.0368851";"141.3632591";"???";"27-06-2015, 7:56 ??";NULL;NULL;NULL;"1435359409167"
"673";"189";"1";"3";"1";"34.6350501";"135.5415746";"???";"27-06-2015, 10:54 ??";NULL;NULL;NULL;"1435370066521"
"674";"197";"1";"2";"2";"35.4037954";"139.5726034";"Feeling OKAY";"27-06-2015, 11:09 AM";NULL;NULL;NULL;"1435370959223"
"675";"189";"1";"1";"1";"34.6339058";"135.5237817";"???";"27-06-2015, 11:26 ??";NULL;NULL;NULL;"1435371970032"
"676";"157";"1";"2";"2";"34.85907";"135.7082853";"????";"27-06-2015, 12:25 ??";NULL;NULL;NULL;"1435375500830"
"677";"189";"1";"1";"1";"34.6297976";"135.5298941";"???";"27-06-2015, 12:56 ??";NULL;NULL;NULL;"1435377388830"
"678";"189";"1";"1";"1";"34.6271707";"135.5311534";"???";"27-06-2015, 12:57 ??";NULL;NULL;NULL;"1435377456146"
"679";"107";"1";"2";"2";"35.8102248";"139.9535683";"????";"27-06-2015, 1:22 ??";NULL;NULL;NULL;"1435378927638"
"680";"107";"1";"2";"1";"35.8046768";"139.9477204";"???";"27-06-2015, 1:44 ??";NULL;NULL;NULL;"1435380260699"
"681";"110";"1";"1";"1";"43.0156595";"141.4814501";"???";"27-06-2015, 2:37 ??";NULL;NULL;NULL;"1435383451411"
"682";"193";"1";"1";"1";"35.8763847";"139.8221926";"???";"27-06-2015, 7:17 ??";NULL;NULL;NULL;"1435400236326"
"683";"135";"1";"1";"1";"35.759604";"139.6189076";"???";"27-06-2015, 8:52 ??";NULL;NULL;NULL;"1435405952323"
"684";"151";"1";"2";"2";"34.6440781";"135.5118603";"????";"27-06-2015, 9:07 ??";NULL;NULL;NULL;"1435406837507"
"685";"157";"1";"2";"2";"34.8307294";"135.6890577";"????";"28-06-2015, 3:03 ??";NULL;NULL;NULL;"1435471388448"
"686";"181";"1";"2";"2";"36.1169966";"137.943445";"????";"28-06-2015, 3:14 ??";NULL;NULL;NULL;"1435472045364"
"687";"152";"1";"1";"1";"35.3663359";"139.4929271";"???";"28-06-2015, 4:21 ??";NULL;NULL;NULL;"1435476089973"
"688";"207";"1";"2";"2";"35.7231703";"139.8052234";"Feeling OKAY";"28-06-2015, 5:40 PM";NULL;NULL;NULL;"1435480812213"
"689";"126";"1";"3";"3";"34.7073634";"135.5113292";"?????";"28-06-2015, 6:54 ??";NULL;NULL;NULL;"1435485265973"
"690";"193";"1";"1";"1";"35.8525226";"139.867363";"???";"28-06-2015, 7:18 ??";NULL;NULL;NULL;"1435486723286"
